Name;RX;RY;RZ;RorX;RorY;RorZ
Name;RX;RY;RZ;RorX;RorY;RorZ
Name;RX;RY;RZ;RorX;RorY;RorZ
Name;RX;RY;RZ;RorX;RorY;RorZ
Name;RX;RY;RZ;RorX;RorY;RorZ
Name;RX;RY;RZ;RorX;RorY;RorZ
Name;RX;RY;RZ;RorX;RorY;RorZ
Name;RX;RY;RZ;RorX;RorY;RorZ
Name;RX;RY;RZ;RorX;RorY;RorZ
Cube 1 G;-0.1534212;-0.5552032;0.7948371;0;0;0
Cube 2 G;0.4505788;-0.4950032;0.7168372;0;0;0
Cube 3 G;0.009778798;-0.3344032;0.5508372;0;0;0
Cube 4 G;0.3249789;-0.04920322;0.3892372;0;0;0
Cube 1 P;-0.2724212;-0.5012032;0.7948371;0;0;0
Cube 2 P;0.4592788;-0.4633032;0.5867372;0;270;0
Cube 3 P;0.01467881;-0.2372032;0.5587372;0;0;0
Cube 4 P;0.3329788;0.05879682;0.3852372;0;270;0
World;0.2665788;-0.9032032;0.7518371;0;0;0
Cube 1 G;-0.1410635;-0.2365811;1.506014;0;0;0
Cube 2 G;0.4629365;-0.1763811;1.428014;0;0;0
Cube 3 G;0.02213654;-0.01578116;1.262014;0;0;0
Cube 4 G;0.3373366;0.2694188;1.100414;0;0;0
Cube 1 P;-0.2600635;-0.1825811;1.506014;0;0;0
Cube 2 P;0.4716365;-0.1446811;1.297914;0;270;0
Cube 3 P;0.02703655;0.08141887;1.269914;0;0;0
Cube 4 P;0.3453366;0.3774189;1.096414;0;270;0
World;0.2789365;-0.5845811;1.463014;0;0;0
Cube 1 G;-0.133426;-0.2380722;1.500331;0;0;0
Cube 2 G;0.470574;-0.1778722;1.422331;0;0;0
Cube 3 G;0.02977395;-0.01727223;1.256331;0;0;0
Cube 4 G;0.344974;0.2679278;1.094731;0;0;0
Cube 1 P;-0.2524261;-0.1840722;1.500331;0;0;0
Cube 2 P;0.4792739;-0.1461722;1.292231;0;270;0
Cube 3 P;0.03467396;0.0799278;1.264231;0;0;0
Cube 4 P;0.352974;0.3759278;1.090731;0;270;0
World;0.2865739;-0.5860722;1.457331;0;0;0
Cube 1 G;-0.3396712;-0.5529237;1.476398;0;0;0
Cube 2 G;0.2643288;-0.4927237;1.398398;0;0;0
Cube 3 G;-0.1764712;-0.3321237;1.232398;0;0;0
Cube 4 G;0.1387289;-0.0469237;1.070798;0;0;0
Cube 1 P;-0.4586712;-0.4989237;1.476398;0;0;0
Cube 2 P;0.2730288;-0.4610237;1.268298;0;270;0
Cube 3 P;-0.1715712;-0.2349237;1.240298;0;0;0
Cube 4 P;0.1467289;0.06107634;1.066798;0;270;0
World;0.08032882;-0.9009237;1.433398;0;0;0
Cube 1 G;-0.2489544;-0.5883696;0.7896572;0;0;0
Cube 2 G;0.3550456;-0.5281696;0.7116573;0;0;0
Cube 3 G;-0.08575436;-0.3675696;0.5456573;0;0;0
Cube 4 G;0.2294457;-0.08236963;0.3840573;0;0;0
Cube 1 P;-0.3679544;-0.5343696;0.7896572;0;0;0
Cube 2 P;0.3637456;-0.4964696;0.5815573;0;270;0
Cube 3 P;-0.08085436;-0.2703696;0.5535573;0;0;0
Cube 4 P;0.2374457;0.02563041;0.3800573;0;270;0
World;0.1710456;-0.9363696;0.7466573;0;0;0
Cube 1 G;-0.2138272;-0.2175987;1.329428;0;0;0
Cube 2 G;0.3901727;-0.1573987;1.251428;0;0;0
Cube 3 G;-0.05062725;0.003201246;1.085428;0;0;0
Cube 4 G;0.2645728;0.2884012;0.9238282;0;0;0
Cube 1 P;-0.3328273;-0.1635987;1.329428;0;0;0
Cube 2 P;0.3988727;-0.1256987;1.121328;0;270;0
Cube 3 P;-0.04572724;0.1004013;1.093328;0;0;0
Cube 4 P;0.2725728;0.3964013;0.9198282;0;270;0
World;0.2061727;-0.5655987;1.286428;0;0;0
Cube 1 G;-0.2244548;-0.169763;1.362084;0;0;0
Cube 2 G;0.3795452;-0.109563;1.284084;0;0;0
Cube 3 G;-0.06125483;0.05103701;1.118084;0;0;0
Cube 4 G;0.2539452;0.336237;0.9564836;0;0;0
Cube 1 P;-0.3434549;-0.1157629;1.362084;0;0;0
Cube 2 P;0.3882452;-0.07786295;1.153984;0;270;0
Cube 3 P;-0.05635482;0.148237;1.125984;0;0;0
Cube 4 P;0.2619452;0.4442371;0.9524836;0;270;0
World;0.1955452;-0.517763;1.319084;0;0;0
Cube 1 G;-0.2214004;-0.1578397;1.389334;0;0;0
Cube 2 G;0.3825997;-0.09763965;1.311334;0;0;0
Cube 3 G;-0.05820036;0.06296033;1.145334;0;0;0
Cube 4 G;0.2569997;0.3481603;0.9837337;0;0;0
Cube 1 P;-0.3404004;-0.1038396;1.389334;0;0;0
Cube 2 P;0.3912996;-0.06593964;1.181234;0;270;0
Cube 3 P;-0.05330035;0.1601604;1.153234;0;0;0
Cube 4 P;0.2649997;0.4561604;0.9797336;0;270;0
World;0.1985996;-0.5058396;1.346334;0;0;0
Cube 1 G;-0.2220026;-0.1570367;1.39267;0;0;0
Cube 2 G;0.3819973;-0.09683666;1.31467;0;0;0
Cube 3 G;-0.05880263;0.06376332;1.14867;0;0;0
Cube 4 G;0.2563974;0.3489633;0.9870702;0;0;0
Cube 1 P;-0.3410027;-0.1030366;1.39267;0;0;0
Cube 2 P;0.3906974;-0.06513664;1.18457;0;270;0
Cube 3 P;-0.05390263;0.1609634;1.15657;0;0;0
Cube 4 P;0.2643974;0.4569634;0.9830702;0;270;0
World;0.1979974;-0.5050367;1.34967;0;0;0
Cube 1 G;-0.2251573;-0.1476259;1.404723;0;0;0
Cube 2 G;0.3788427;-0.08742592;1.326723;0;0;0
Cube 3 G;-0.0619573;0.07317406;1.160723;0;0;0
Cube 4 G;0.2532428;0.3583741;0.9991231;0;0;0
Cube 1 P;-0.3441573;-0.0936259;1.404723;0;0;0
Cube 2 P;0.3875427;-0.0557259;1.196623;0;270;0
Cube 3 P;-0.05705729;0.1703741;1.168623;0;0;0
Cube 4 P;0.2612427;0.4663741;0.9951231;0;270;0
World;0.1948427;-0.4956259;1.361723;0;0;0
Cube 1 G;-0.2291753;-0.1396029;1.431381;0;0;0
Cube 2 G;0.3748247;-0.07940292;1.353381;0;0;0
Cube 3 G;-0.06597528;0.08119705;1.187381;0;0;0
Cube 4 G;0.2492248;0.3663971;1.025781;0;0;0
Cube 1 P;-0.3481753;-0.08560291;1.431381;0;0;0
Cube 2 P;0.3835247;-0.04770291;1.223281;0;270;0
Cube 3 P;-0.06107527;0.1783971;1.195281;0;0;0
Cube 4 P;0.2572248;0.4743971;1.021781;0;270;0
World;0.1908247;-0.4876029;1.388381;0;0;0
Cube 1 G;-0.2319463;-0.1363074;1.448459;0;0;0
Cube 2 G;0.3720537;-0.07610741;1.370459;0;0;0
Cube 3 G;-0.06874633;0.08449256;1.204459;0;0;0
Cube 4 G;0.2464537;0.3696926;1.042859;0;0;0
Cube 1 P;-0.3509464;-0.0823074;1.448459;0;0;0
Cube 2 P;0.3807537;-0.0444074;1.240359;0;270;0
Cube 3 P;-0.06384632;0.1816926;1.212359;0;0;0
Cube 4 P;0.2544537;0.4776926;1.038859;0;270;0
World;0.1880537;-0.4843074;1.405459;0;0;0
Cube 1 G;-0.235156;-0.1348999;1.46962;0;0;0
Cube 2 G;0.368844;-0.07469985;1.39162;0;0;0
Cube 3 G;-0.07195599;0.08590013;1.22562;0;0;0
Cube 4 G;0.2432441;0.3711001;1.06402;0;0;0
Cube 1 P;-0.354156;-0.08089983;1.46962;0;0;0
Cube 2 P;0.377544;-0.04299983;1.26152;0;270;0
Cube 3 P;-0.06705599;0.1831002;1.23352;0;0;0
Cube 4 P;0.2512441;0.4791002;1.06002;0;270;0
World;0.184844;-0.4828998;1.42662;0;0;0
Cube 1 G;-0.2397863;-0.1352753;1.485851;0;0;0
Cube 2 G;0.3642137;-0.0750753;1.407851;0;0;0
Cube 3 G;-0.07658628;0.08552468;1.241851;0;0;0
Cube 4 G;0.2386138;0.3707247;1.080251;0;0;0
Cube 1 P;-0.3587863;-0.08127528;1.485851;0;0;0
Cube 2 P;0.3729137;-0.04337528;1.277751;0;270;0
Cube 3 P;-0.07168627;0.1827247;1.249751;0;0;0
Cube 4 P;0.2466138;0.4787247;1.076251;0;270;0
World;0.1802137;-0.4832753;1.442851;0;0;0
Cube 1 G;-0.2417311;-0.1356777;1.488911;0;0;0
Cube 2 G;0.3622689;-0.07547766;1.410911;0;0;0
Cube 3 G;-0.07853113;0.08512232;1.244911;0;0;0
Cube 4 G;0.2366689;0.3703223;1.083311;0;0;0
Cube 1 P;-0.3607312;-0.08167765;1.488911;0;0;0
Cube 2 P;0.3709689;-0.04377764;1.280811;0;270;0
Cube 3 P;-0.07363112;0.1823224;1.252811;0;0;0
Cube 4 P;0.2446689;0.4783224;1.079311;0;270;0
World;0.1782689;-0.4836777;1.445911;0;0;0
Cube 1 G;-0.2418922;-0.1363536;1.485967;0;0;0
Cube 2 G;0.3621078;-0.07615364;1.407967;0;0;0
Cube 3 G;-0.07869226;0.08444634;1.241967;0;0;0
Cube 4 G;0.2365078;0.3696463;1.080367;0;0;0
Cube 1 P;-0.3608923;-0.08235362;1.485967;0;0;0
Cube 2 P;0.3708077;-0.04445362;1.277867;0;270;0
Cube 3 P;-0.07379225;0.1816464;1.249867;0;0;0
Cube 4 P;0.2445078;0.4776464;1.076367;0;270;0
World;0.1781077;-0.4843536;1.442967;0;0;0
Cube 1 G;-0.2405982;-0.1367422;1.484135;0;0;0
Cube 2 G;0.3634018;-0.0765422;1.406135;0;0;0
Cube 3 G;-0.07739817;0.08405778;1.240135;0;0;0
Cube 4 G;0.2378019;0.3692578;1.078535;0;0;0
Cube 1 P;-0.3595982;-0.08274218;1.484135;0;0;0
Cube 2 P;0.3721018;-0.04484218;1.276035;0;270;0
Cube 3 P;-0.07249816;0.1812578;1.248035;0;0;0
Cube 4 P;0.2458019;0.4772578;1.074535;0;270;0
World;0.1794018;-0.4847422;1.441135;0;0;0
Cube 1 G;-0.238408;-0.1388973;1.473778;0;0;0
Cube 2 G;0.365592;-0.07869729;1.395778;0;0;0
Cube 3 G;-0.07520796;0.08190268;1.229778;0;0;0
Cube 4 G;0.2399921;0.3671027;1.068178;0;0;0
Cube 1 P;-0.357408;-0.08489728;1.473778;0;0;0
Cube 2 P;0.374292;-0.04699728;1.265678;0;270;0
Cube 3 P;-0.07030796;0.1791027;1.237678;0;0;0
Cube 4 P;0.2479921;0.4751027;1.064178;0;270;0
World;0.181592;-0.4868973;1.430778;0;0;0
Cube 1 G;-0.2352202;-0.1436802;1.43995;0;0;0
Cube 2 G;0.3687797;-0.08348021;1.36195;0;0;0
Cube 3 G;-0.07202025;0.07711977;1.19595;0;0;0
Cube 4 G;0.2431798;0.3623198;1.03435;0;0;0
Cube 1 P;-0.3542203;-0.08968019;1.43995;0;0;0
Cube 2 P;0.3774797;-0.05178019;1.23185;0;270;0
Cube 3 P;-0.06712024;0.1743198;1.20385;0;0;0
Cube 4 P;0.2511798;0.4703198;1.03035;0;270;0
World;0.1847797;-0.4916802;1.39695;0;0;0
Cube 1 G;-0.2292561;-0.1551065;1.409533;0;0;0
Cube 2 G;0.3747439;-0.09490654;1.331533;0;0;0
Cube 3 G;-0.06605607;0.06569344;1.165533;0;0;0
Cube 4 G;0.249144;0.3508934;1.003933;0;0;0
Cube 1 P;-0.3482561;-0.1011065;1.409533;0;0;0
Cube 2 P;0.3834439;-0.06320652;1.201433;0;270;0
Cube 3 P;-0.06115606;0.1628935;1.173433;0;0;0
Cube 4 P;0.257144;0.4588935;0.9999327;0;270;0
World;0.1907439;-0.5031065;1.366533;0;0;0
Cube 1 G;-0.2236286;-0.1675906;1.391599;0;0;0
Cube 2 G;0.3803714;-0.1073906;1.313599;0;0;0
Cube 3 G;-0.06042862;0.05320936;1.147599;0;0;0
Cube 4 G;0.2547714;0.3384094;0.9859989;0;0;0
Cube 1 P;-0.3426287;-0.1135906;1.391599;0;0;0
Cube 2 P;0.3890714;-0.0756906;1.183499;0;270;0
Cube 3 P;-0.05552861;0.1504094;1.155499;0;0;0
Cube 4 P;0.2627714;0.4464094;0.9819989;0;270;0
World;0.1963714;-0.5155906;1.348599;0;0;0
Cube 1 G;-0.2216861;-0.18674;1.367769;0;0;0
Cube 2 G;0.3823138;-0.12654;1.289769;0;0;0
Cube 3 G;-0.05848615;0.03406;1.123769;0;0;0
Cube 4 G;0.2567139;0.31926;0.9621691;0;0;0
Cube 1 P;-0.3406862;-0.13274;1.367769;0;0;0
Cube 2 P;0.3910139;-0.09483996;1.159669;0;270;0
Cube 3 P;-0.05358614;0.13126;1.131669;0;0;0
Cube 4 P;0.2647139;0.42726;0.958169;0;270;0
World;0.1983138;-0.53474;1.324769;0;0;0
Cube 1 G;-0.2162983;-0.198285;1.351214;0;0;0
Cube 2 G;0.3877017;-0.138085;1.273214;0;0;0
Cube 3 G;-0.05309832;0.02251494;1.107214;0;0;0
Cube 4 G;0.2621017;0.3077149;0.9456143;0;0;0
Cube 1 P;-0.3352984;-0.144285;1.351214;0;0;0
Cube 2 P;0.3964017;-0.106385;1.143114;0;270;0
Cube 3 P;-0.04819831;0.119715;1.115114;0;0;0
Cube 4 P;0.2701017;0.415715;0.9416143;0;270;0
World;0.2037017;-0.546285;1.308214;0;0;0
Cube 1 G;-0.2148658;-0.2101756;1.340875;0;0;0
Cube 2 G;0.3891341;-0.1499756;1.262875;0;0;0
Cube 3 G;-0.05166586;0.01062435;1.096875;0;0;0
Cube 4 G;0.2635342;0.2958243;0.9352748;0;0;0
Cube 1 P;-0.3338659;-0.1561756;1.340875;0;0;0
Cube 2 P;0.3978341;-0.1182756;1.132775;0;270;0
Cube 3 P;-0.04676585;0.1078244;1.104775;0;0;0
Cube 4 P;0.2715342;0.4038244;0.9312748;0;270;0
World;0.2051341;-0.5581756;1.297875;0;0;0
Cube 1 G;-0.2054179;-0.2205995;1.318186;0;0;0
Cube 2 G;0.3985821;-0.1603995;1.240186;0;0;0
Cube 3 G;-0.04221791;0.0002004504;1.074186;0;0;0
Cube 4 G;0.2729822;0.2854005;0.9125861;0;0;0
Cube 1 P;-0.3244179;-0.1665995;1.318186;0;0;0
Cube 2 P;0.4072821;-0.1286995;1.110086;0;270;0
Cube 3 P;-0.0373179;0.09740049;1.082086;0;0;0
Cube 4 P;0.2809821;0.3934005;0.9085861;0;270;0
World;0.2145821;-0.5685995;1.275186;0;0;0
Cube 1 G;-0.1667438;-0.1232748;1.28621;0;0;0
Cube 2 G;0.4372562;-0.06307477;1.20821;0;0;0
Cube 3 G;-0.003543824;0.09752521;1.04221;0;0;0
Cube 4 G;0.3116562;0.3827252;0.8806096;0;0;0
Cube 1 P;-0.2857439;-0.06927475;1.28621;0;0;0
Cube 2 P;0.4459562;-0.03137475;1.07811;0;270;0
Cube 3 P;0.001356184;0.1947252;1.05011;0;0;0
Cube 4 P;0.3196562;0.4907252;0.8766096;0;270;0
World;0.2532562;-0.4712748;1.24321;0;0;0
Cube 1 G;-0.1043454;-0.1156219;1.261954;0;0;0
Cube 2 G;0.4996546;-0.05542186;1.183954;0;0;0
Cube 3 G;0.05885461;0.1051781;1.017954;0;0;0
Cube 4 G;0.3740547;0.3903781;0.8563536;0;0;0
Cube 1 P;-0.2233454;-0.06162184;1.261954;0;0;0
Cube 2 P;0.5083546;-0.02372184;1.053854;0;270;0
Cube 3 P;0.06375462;0.2023782;1.025854;0;0;0
Cube 4 P;0.3820547;0.4983782;0.8523536;0;270;0
World;0.3156546;-0.4636219;1.218954;0;0;0
Cube 1 G;-0.04199377;-0.2592402;1.206924;0;0;0
Cube 2 G;0.5620062;-0.1990401;1.128924;0;0;0
Cube 3 G;0.1212062;-0.03844017;0.9629245;0;0;0
Cube 4 G;0.4364063;0.2467598;0.8013245;0;0;0
Cube 1 P;-0.1609938;-0.2052401;1.206924;0;0;0
Cube 2 P;0.5707062;-0.1673401;0.9988245;0;270;0
Cube 3 P;0.1261062;0.05875987;0.9708245;0;0;0
Cube 4 P;0.4444063;0.3547599;0.7973245;0;270;0
World;0.3780062;-0.6072401;1.163924;0;0;0
Cube 1 G;-0.05106592;-0.4420956;1.155565;0;0;0
Cube 2 G;0.5529341;-0.3818956;1.077565;0;0;0
Cube 3 G;0.1121341;-0.2212956;0.9115653;0;0;0
Cube 4 G;0.4273341;0.0639044;0.7499653;0;0;0
Cube 1 P;-0.170066;-0.3880956;1.155565;0;0;0
Cube 2 P;0.5616341;-0.3501956;0.9474653;0;270;0
Cube 3 P;0.1170341;-0.1240956;0.9194653;0;0;0
Cube 4 P;0.4353341;0.1719044;0.7459653;0;270;0
World;0.3689341;-0.7900956;1.112565;0;0;0
Cube 1 G;-0.07195136;-0.5904628;1.157703;0;0;0
Cube 2 G;0.5320486;-0.5302628;1.079703;0;0;0
Cube 3 G;0.09124863;-0.3696628;0.9137033;0;0;0
Cube 4 G;0.4064487;-0.08446282;0.7521033;0;0;0
Cube 1 P;-0.1909514;-0.5364628;1.157703;0;0;0
Cube 2 P;0.5407486;-0.4985628;0.9496033;0;270;0
Cube 3 P;0.09614864;-0.2724628;0.9216033;0;0;0
Cube 4 P;0.4144487;0.02353722;0.7481033;0;270;0
World;0.3480486;-0.9384628;1.114703;0;0;0
Cube 1 G;-0.07964146;-0.6766348;1.176364;0;0;0
Cube 2 G;0.5243585;-0.6164348;1.098364;0;0;0
Cube 3 G;0.08355853;-0.4558349;0.9323641;0;0;0
Cube 4 G;0.3987586;-0.1706349;0.7707641;0;0;0
Cube 1 P;-0.1986415;-0.6226348;1.176364;0;0;0
Cube 2 P;0.5330585;-0.5847348;0.9682641;0;270;0
Cube 3 P;0.08845854;-0.3586348;0.9402641;0;0;0
Cube 4 P;0.4067586;-0.06263483;0.7667641;0;270;0
World;0.3403585;-1.024635;1.133364;0;0;0
Cube 1 G;-0.08802202;-0.7310659;1.166892;0;0;0
Cube 2 G;0.515978;-0.6708659;1.088892;0;0;0
Cube 3 G;0.07517797;-0.5102659;0.9228919;0;0;0
Cube 4 G;0.390378;-0.2250659;0.7612919;0;0;0
Cube 1 P;-0.2070221;-0.6770659;1.166892;0;0;0
Cube 2 P;0.524678;-0.6391659;0.9587919;0;270;0
Cube 3 P;0.08007798;-0.4130659;0.9307919;0;0;0
Cube 4 P;0.398378;-0.1170659;0.7572919;0;270;0
World;0.331978;-1.079066;1.123892;0;0;0
Cube 1 G;-0.08862269;-0.7285104;1.161073;0;0;0
Cube 2 G;0.5153773;-0.6683104;1.083073;0;0;0
Cube 3 G;0.0745773;-0.5077105;0.9170735;0;0;0
Cube 4 G;0.3897774;-0.2225105;0.7554735;0;0;0
Cube 1 P;-0.2076227;-0.6745104;1.161073;0;0;0
Cube 2 P;0.5240773;-0.6366104;0.9529735;0;270;0
Cube 3 P;0.07947731;-0.4105104;0.9249735;0;0;0
Cube 4 P;0.3977773;-0.1145104;0.7514735;0;270;0
World;0.3313773;-1.07651;1.118073;0;0;0
Cube 1 G;-0.08853021;-0.7288502;1.163399;0;0;0
Cube 2 G;0.5154698;-0.6686502;1.085399;0;0;0
Cube 3 G;0.07466978;-0.5080502;0.9193985;0;0;0
Cube 4 G;0.3898698;-0.2228502;0.7577986;0;0;0
Cube 1 P;-0.2075303;-0.6748502;1.163399;0;0;0
Cube 2 P;0.5241698;-0.6369501;0.9552985;0;270;0
Cube 3 P;0.07956979;-0.4108502;0.9272985;0;0;0
Cube 4 P;0.3978698;-0.1148502;0.7537985;0;270;0
World;0.3314698;-1.07685;1.120399;0;0;0
Cube 1 G;-0.08810264;-0.7287372;1.165085;0;0;0
Cube 2 G;0.5158973;-0.6685371;1.087085;0;0;0
Cube 3 G;0.07509735;-0.5079372;0.9210849;0;0;0
Cube 4 G;0.3902974;-0.2227372;0.7594849;0;0;0
Cube 1 P;-0.2071027;-0.6747372;1.165085;0;0;0
Cube 2 P;0.5245973;-0.6368371;0.9569849;0;270;0
Cube 3 P;0.07999736;-0.4107372;0.9289849;0;0;0
Cube 4 P;0.3982974;-0.1147372;0.7554849;0;270;0
World;0.3318973;-1.076737;1.122085;0;0;0
Cube 1 G;-0.08933312;-0.7246323;1.169831;0;0;0
Cube 2 G;0.5146669;-0.6644323;1.091831;0;0;0
Cube 3 G;0.07386687;-0.5038323;0.9258311;0;0;0
Cube 4 G;0.3890669;-0.2186323;0.7642311;0;0;0
Cube 1 P;-0.2083332;-0.6706323;1.169831;0;0;0
Cube 2 P;0.5233669;-0.6327323;0.9617311;0;270;0
Cube 3 P;0.07876688;-0.4066323;0.9337311;0;0;0
Cube 4 P;0.3970669;-0.1106323;0.7602311;0;270;0
World;0.3306669;-1.072632;1.126831;0;0;0
Cube 1 G;0.7181625;-0.9201747;0.8230562;0;180.009;0
Cube 2 G;0.1141749;-0.8599746;0.9011516;0;180.009;0
Cube 3 G;0.5550011;-0.6993747;1.067082;0;180.009;0
Cube 4 G;0.2398266;-0.4141747;1.228732;0;180.009;0
Cube 1 P;0.8371626;-0.8661746;0.8230374;0;180.009;0
Cube 2 P;0.1054955;-0.8282746;1.031253;0;90.00906;0
Cube 3 P;0.5500998;-0.6021746;1.059183;0;180.009;0
Cube 4 P;0.2318272;-0.3061746;1.232733;0;90.00906;0
World;0.2981694;-1.268175;0.8661225;0;180.009;0
Cube 1 G;0.4418741;-0.9196754;1.983733;0;180.013;0
Cube 2 G;-0.1621081;-0.8594754;2.06187;0;180.013;0
Cube 3 G;0.2787296;-0.6988754;2.22777;0;180.013;0
Cube 4 G;-0.03643381;-0.4136754;2.389442;0;180.013;0
Cube 1 P;0.5608742;-0.8656754;1.983706;0;180.013;0
Cube 2 P;-0.1707786;-0.8277754;2.191972;0;90.01301;0
Cube 3 P;0.2738277;-0.6016754;2.219871;0;180.013;0
Cube 4 P;-0.04443289;-0.3056754;2.393444;0;90.01301;0
World;0.02188392;-1.267675;2.026829;0;180.013;0
Cube 1 G;0.4755269;-0.924531;1.971621;0;180.0082;0
Cube 2 G;-0.1284619;-0.864331;2.049708;0;180.0082;0
Cube 3 G;0.3123618;-0.7037311;2.215645;0;180.0082;0
Cube 4 G;-0.002815083;-0.4185311;2.37729;0;180.0082;0
Cube 1 P;0.594527;-0.870531;1.971604;0;180.0082;0
Cube 2 P;-0.1371433;-0.832631;2.179809;0;90.0082;0
Cube 3 P;0.3074607;-0.606531;2.207745;0;180.0082;0
Cube 4 P;-0.0108145;-0.310531;2.381291;0;90.0082;0
World;0.05553308;-1.272531;2.014681;0;180.0082;0
Name;RX;RY;RZ;RorX;RorY;RorZ
Cube 1 G;0.1859234;-0.9124435;-0.6147629;0;179.9891;0
Cube 2 G;-0.4180915;-0.8522434;-0.536878;0;179.9891;0
Cube 3 G;0.02267686;-0.6916435;-0.370794;0;179.9891;0
Cube 4 G;-0.292554;-0.4064435;-0.2092541;0;179.9891;0
Cube 1 P;0.3049234;-0.8584434;-0.6147402;0;179.9891;0
Cube 2 P;-0.4268163;-0.8205434;-0.4067797;0;89.98907;0
Cube 3 P;0.01777837;-0.5944434;-0.378695;0;179.9891;0
Cube 4 P;-0.3005548;-0.2984434;-0.2052557;0;89.98907;0
World;-0.2340848;-1.260443;-0.571843;0;179.9891;0
Name;RX;RY;RZ;RorX;RorY;RorZ
Cube 1 G;0.5277184;-0.3597763;-1.42629;0;181.5033;0
Cube 2 G;-0.07402758;-0.2995763;-1.332471;0;181.5033;0
Cube 3 G;0.3709756;-0.1389763;-1.178092;0;181.5033;0
Cube 4 G;0.06012343;0.1462237;-1.008279;0;181.5033;0
Cube 1 P;0.6466774;-0.3057763;-1.429412;0;181.5033;0
Cube 2 P;-0.07931152;-0.2678763;-1.202188;0;91.50328;0
Cube 3 P;0.3658701;-0.0417763;-1.185861;0;181.5033;0
Cube 4 P;0.05223113;0.2542237;-1.004071;0;91.50328;0
World;0.1089909;-0.7077763;-1.372286;0;181.5033;0
Name;RX;RY;RZ;RorX;RorY;RorZ
Name;RX;RY;RZ;RorX;RorY;RorZ
Name;RX;RY;RZ;RorX;RorY;RorZ
Cube 1 G;0.5277913;-0.359872;-1.426291;0;181.4977;0
Cube 2 G;-0.07396378;-0.299672;-1.332532;0;181.4977;0
Cube 3 G;0.3710243;-0.1390721;-1.178109;0;181.4977;0
Cube 4 G;0.06015545;0.1461279;-1.008326;0;181.4977;0
Cube 1 P;0.6467506;-0.305872;-1.429401;0;181.4977;0
Cube 2 P;-0.07926048;-0.267972;-1.202249;0;91.49766;0
Cube 3 P;0.3659194;-0.04187202;-1.185878;0;181.4977;0
Cube 4 P;0.05226274;0.254128;-1.004119;0;91.49766;0
World;0.1090586;-0.707872;-1.372329;0;181.4977;0
Name;RX;RY;RZ;RorX;RorY;RorZ
Cube 1 G;0.2375903;-0.9026956;-0.649578;0;181.4908;0
Cube 2 G;-0.3641761;-0.8424956;-0.5558908;0;181.4908;0
Cube 3 G;0.08079335;-0.6818956;-0.4014148;0;181.4908;0
Cube 4 G;-0.2300958;-0.3966956;-0.2316692;0;181.4908;0
Cube 1 P;0.35655;-0.8486956;-0.652674;0;181.4908;0
Cube 2 P;-0.3694885;-0.8107955;-0.4256084;0;91.49078;0
Cube 3 P;0.07568949;-0.5846956;-0.4091846;0;181.4908;0
Cube 4 P;-0.2379891;-0.2886956;-0.2274625;0;91.49078;0
World;-0.1811489;-1.250696;-0.5956659;0;181.4908;0
Name;RX;RY;RZ;RorX;RorY;RorZ
Cube 1 G;0.2452849;-0.8788466;-0.598641;0;181.5824;0
Cube 2 G;-0.3563309;-0.8186466;-0.5039914;0;181.5824;0
Cube 3 G;0.08888519;-0.6580466;-0.3502273;0;181.5824;0
Cube 4 G;-0.2217322;-0.3728466;-0.1799847;0;181.5824;0
Cube 1 P;0.3642395;-0.8248466;-0.6019272;0;181.5824;0
Cube 2 P;-0.3614349;-0.7869465;-0.3737007;0;91.58243;0
Cube 3 P;0.08376884;-0.5608466;-0.357989;0;181.5824;0
Cube 4 P;-0.2296186;-0.2648466;-0.1757653;0;91.58243;0
World;-0.1733676;-1.226847;-0.5440592;0;181.5824;0
Name;RX;RY;RZ;RorX;RorY;RorZ
Cube 1 G;0.2283044;-0.9153481;-0.7107851;0;180.2236;0
Cube 2 G;-0.3753864;-0.8551481;-0.630428;0;180.2236;0
Cube 3 G;0.06605816;-0.6945481;-0.4661499;0;180.2236;0
Cube 4 G;-0.2485087;-0.4093481;-0.3033208;0;180.2236;0
Cube 1 P;0.3473037;-0.8613481;-0.7112496;0;180.2236;0
Cube 2 P;-0.3835785;-0.8234481;-0.500295;0;90.22365;0
Cube 3 P;0.06112736;-0.5973481;-0.4740307;0;180.2236;0
Cube 4 P;-0.256493;-0.3013481;-0.2992896;0;90.22365;0
World;-0.1915245;-1.263348;-0.666146;0;180.2236;0
Name;RX;RY;RZ;RorX;RorY;RorZ
Cube 1 G;0.2354157;-0.921218;-0.7013167;0;180.5438;0
Cube 2 G;-0.3678168;-0.8610179;-0.6175881;0;180.5438;0
Cube 3 G;0.07453871;-0.700418;-0.4557788;0;180.5438;0
Cube 4 G;-0.2391135;-0.415218;-0.2911948;0;180.5438;0
Cube 1 P;0.3544104;-0.867218;-0.702446;0;180.5438;0
Cube 2 P;-0.3752818;-0.8293179;-0.4874114;0;90.54375;0
Cube 3 P;0.06956396;-0.603218;-0.463632;0;180.5438;0
Cube 4 P;-0.2470752;-0.307218;-0.2871191;0;90.54375;0
World;-0.1841573;-1.269218;-0.6543327;0;180.5438;0
Name;RX;RY;RZ;RorX;RorY;RorZ
Cube 1 G;0.2338886;-0.9149492;-0.7047108;0;180.0799;0
Cube 2 G;-0.370002;-0.8547492;-0.6258687;0;180.0799;0
Cube 3 G;0.07102901;-0.6941493;-0.4604835;0;180.0799;0
Cube 4 G;-0.2439454;-0.4089493;-0.2984442;0;180.0799;0
Cube 1 P;0.3528886;-0.8609492;-0.7048768;0;180.0799;0
Cube 2 P;-0.3785206;-0.8230492;-0.4957567;0;90.0799;0
Cube 3 P;0.066118;-0.5969492;-0.4683766;0;180.0799;0
Cube 4 P;-0.2519398;-0.3009492;-0.294433;0;90.0799;0
World;-0.186051;-1.262949;-0.6611252;0;180.0799;0
Name;RX;RY;RZ;RorX;RorY;RorZ
Cube 1 G;0.2593355;-0.8905429;-0.6583161;0;182.2157;0
Cube 2 G;-0.3411974;-0.8385429;-0.5570233;0;182.2157;0
Cube 3 G;0.1056908;-0.6774429;-0.4081891;0;182.2157;0
Cube 4 G;-0.2030261;-0.3815429;-0.234524;0;182.2157;0
Cube 1 P;0.3782466;-0.8365429;-0.6629167;0;182.2157;0
Cube 2 P;-0.3448611;-0.7986429;-0.4266842;0;92.21565;0
Cube 3 P;0.1004891;-0.5802429;-0.4158937;0;182.2157;0
Cube 4 P;-0.2108654;-0.2765429;-0.2302177;0;92.21565;0
World;-0.158688;-1.238543;-0.5991107;0;182.2157;0
Name;RX;RY;RZ;RorX;RorY;RorZ
Cube 1 G;0.682417;-0.117349;-0.7514361;0;180.0747;0
Cube 2 G;0.07851905;-0.06534898;-0.6726491;0;180.0747;0
Cube 3 G;0.5195351;0.09575102;-0.5072236;0;180.0747;0
Cube 4 G;0.2045458;0.391651;-0.345213;0;180.0747;0
Cube 1 P;0.801417;-0.06334898;-0.7515911;0;180.0747;0
Cube 2 P;0.06998859;-0.02544898;-0.5425379;0;90.07466;0
Cube 3 P;0.5146247;0.1929511;-0.5151172;0;180.0747;0
Cube 4 P;0.196551;0.496651;-0.3412026;0;90.07466;0
World;0.2624733;-0.465349;-0.7078888;0;180.0747;0
Cube 1 G;0.2353276;-0.9070362;-0.6863253;0;180.7093;0
Cube 2 G;-0.3676606;-0.8550363;-0.6008544;0;180.7093;0
Cube 3 G;0.0751605;-0.6939362;-0.4403237;0;180.7093;0
Cube 4 G;-0.238015;-0.3980362;-0.2748343;0;180.7093;0
Cube 1 P;0.3543185;-0.8530362;-0.6877984;0;180.7093;0
Cube 2 P;-0.3747495;-0.8151362;-0.4706566;0;90.70927;0
Cube 3 P;0.07016313;-0.5967362;-0.4481624;0;180.7093;0
Cube 4 P;-0.2459648;-0.2930362;-0.2707356;0;90.70927;0
World;-0.184108;-1.255036;-0.6381294;0;180.7093;0
Name;RX;RY;RZ;RorX;RorY;RorZ
Cube 1 G;0.2266504;-0.8757854;-0.6487289;0;180.8654;0
Cube 2 G;-0.3761026;-0.8237854;-0.5616148;0;180.8654;0
Cube 3 G;0.06715447;-0.6626854;-0.4022917;0;180.8654;0
Cube 4 G;-0.2455688;-0.3667854;-0.2359493;0;180.8654;0
Cube 1 P;0.3456369;-0.8217854;-0.6505263;0;180.8654;0
Cube 2 P;-0.3828365;-0.7838854;-0.4313982;0;90.86544;0
Cube 3 P;0.06213567;-0.5654854;-0.4101168;0;180.8654;0
Cube 4 P;-0.2535075;-0.2617854;-0.2318289;0;90.86544;0
World;-0.1926522;-1.223785;-0.59939;0;180.8654;0
Name;RX;RY;RZ;RorX;RorY;RorZ
Name;RX;RY;RZ;RorX;RorY;RorZ
Name;RX;RY;RZ;RorX;RorY;RorZ
Cube 1 G;0,3106656;1,461791;0,3491008;0;0;0
Cube 2 G;0,9146656;1,521991;0,2711008;0;0;0
Cube 3 G;0,4738656;1,682591;0,1051008;0;0;0
Cube 4 G;1,096666;1,967791;0,06610081;0;0;0
Cube 1 P;0,1916655;1,515791;0,3491008;0;0;0
Cube 2 P;0,9233656;1,553691;0,1410008;0;270;0
Cube 3 P;0,4787656;1,779791;0,1130008;0;0;0
Cube 4 P;1,104666;2,075791;0,06210081;0;270;0
World;0,7306656;1,113791;0,3061008;0;0;0
Name;RX;RY;RZ;RorX;RorY;RorZ
Name;RX;RY;RZ;RorX;RorY;RorZ
Cube 1 G;-0,6683592;0,3484474;-0,1431928;0;0;0
Cube 2 G;-0,06435923;0,4086474;-0,2211927;0;0;0
Cube 3 G;-0,5051593;0,5692474;-0,3871928;0;0;0
Cube 4 G;0,1176408;0,8544474;-0,4261928;0;0;0
Cube 1 P;-0,7873592;0,4024475;-0,1431928;0;0;0
Cube 2 P;-0,05565923;0,4403475;-0,3512928;0;270;0
Cube 3 P;-0,5002592;0,6664475;-0,3792928;0;0;0
Cube 4 P;0,1256408;0,9624475;-0,4301928;0;270;0
World;-0,2483592;0,0004474521;-0,1861928;0;0;0
Name;RX;RY;RZ;RorX;RorY;RorZ
Cube 1 G;-0,9715326;0,4097393;-0,2650504;0;0;0
Cube 2 G;-0,3675326;0,4699393;-0,3430504;0;0;0
Cube 3 G;-0,8083326;0,6305393;-0,5090504;0;0;0
Cube 4 G;-0,1855325;0,9157393;-0,5480504;0;0;0
Cube 1 P;-1,090533;0,4637393;-0,2650504;0;0;0
Cube 2 P;-0,3588326;0,5016394;-0,4731504;0;270;0
Cube 3 P;-0,8034326;0,7277393;-0,5011504;0;0;0
Cube 4 P;-0,1775326;1,023739;-0,5520504;0;270;0
World;-0,5515326;0,06173933;-0,3080504;0;0;0
Cube 1 G;-1,793607;0,4034644;-2,271077;0;0;0
Cube 2 G;-1,189607;0,4636644;-2,349077;0;0;0
Cube 3 G;-1,630407;0,6242644;-2,515077;0;0;0
Cube 4 G;-1,007607;0,9094644;-2,554077;0;0;0
Cube 1 P;-1,912607;0,4574644;-2,271077;0;0;0
Cube 2 P;-1,180907;0,4953644;-2,479177;0;270;0
Cube 3 P;-1,625507;0,7214644;-2,507177;0;0;0
Cube 4 P;-0,9996067;1,017464;-2,558077;0;270;0
World;-1,373607;0,05546439;-2,314077;0;0;0
Cube 1 G;-0,5866144;0,3984323;-0,5494112;0;0;0
Cube 2 G;0,01738563;0,4586323;-0,6274111;0;0;0
Cube 3 G;-0,4234143;0,6192323;-0,7934111;0;0;0
Cube 4 G;0,1993857;0,9044323;-0,8324112;0;0;0
Cube 1 P;-0,7056144;0,4524323;-0,5494112;0;0;0
Cube 2 P;0,02608563;0,4903323;-0,7575111;0;270;0
Cube 3 P;-0,4185144;0,7164323;-0,7855111;0;0;0
Cube 4 P;0,2073856;1,012432;-0,8364112;0;270;0
World;-0,1666144;0,05043232;-0,5924112;0;0;0
Cube 1 G;-0,201056;0,3909903;0,8332663;0;0;0
Cube 2 G;0,402944;0,4511903;0,7552663;0;0;0
Cube 3 G;-0,03785604;0,6117903;0,5892663;0;0;0
Cube 4 G;0,584944;0,8969903;0,5502663;0;0;0
Cube 1 P;-0,3200561;0,4449903;0,8332663;0;0;0
Cube 2 P;0,411644;0,4828903;0,6251663;0;270;0
Cube 3 P;-0,03295603;0,7089903;0,5971663;0;0;0
Cube 4 P;0,592944;1,00499;0,5462663;0;270;0
World;0,218944;0,04299033;0,7902663;0;0;0
Cube 1 G;-0,229307;0,3934537;0,8512319;0;0;0
Cube 2 G;0,3746929;0,4536537;0,773232;0;0;0
Cube 3 G;-0,06610705;0,6142536;0,607232;0;0;0
Cube 4 G;0,556693;0,8994536;0,5682319;0;0;0
Cube 1 P;-0,3483071;0,4474537;0,8512319;0;0;0
Cube 2 P;0,3833929;0,4853537;0,643132;0;270;0
Cube 3 P;-0,06120704;0,7114537;0,615132;0;0;0
Cube 4 P;0,564693;1,007454;0,5642319;0;270;0
World;0,1906929;0,04545367;0,8082319;0;0;0
Cube 1 G;-0,2292571;0,3932585;0,8508932;0;0;0
Cube 2 G;0,3747429;0,4534585;0,7728932;0;0;0
Cube 3 G;-0,06605709;0,6140585;0,6068932;0;0;0
Cube 4 G;0,5567429;0,8992585;0,5678932;0;0;0
Cube 1 P;-0,3482571;0,4472585;0,8508932;0;0;0
Cube 2 P;0,3834429;0,4851585;0,6427932;0;270;0
Cube 3 P;-0,06115708;0,7112585;0,6147932;0;0;0
Cube 4 P;0,5647429;1,007259;0,5638932;0;270;0
World;0,1907429;0,04525852;0,8078932;0;0;0
Cube 1 G;-0,2296342;0,392844;0,8506626;0;0;0
Cube 2 G;0,3743658;0,453044;0,7726626;0;0;0
Cube 3 G;-0,06643417;0,6136439;0,6066626;0;0;0
Cube 4 G;0,5563658;0,8988439;0,5676626;0;0;0
Cube 1 P;-0,3486342;0,446844;0,8506626;0;0;0
Cube 2 P;0,3830658;0,484744;0,6425626;0;270;0
Cube 3 P;-0,06153417;0,710844;0,6145626;0;0;0
Cube 4 P;0,5643659;1,006844;0,5636626;0;270;0
World;0,1903658;0,04484397;0,8076626;0;0;0
Cube 1 G;-0,2295531;0,3930616;0,8509445;0;0;0
Cube 2 G;0,3744468;0,4532616;0,7729446;0;0;0
Cube 3 G;-0,06635316;0,6138616;0,6069446;0;0;0
Cube 4 G;0,5564469;0,8990616;0,5679445;0;0;0
Cube 1 P;-0,3485532;0,4470616;0,8509445;0;0;0
Cube 2 P;0,3831468;0,4849616;0,6428446;0;270;0
Cube 3 P;-0,06145315;0,7110616;0,6148446;0;0;0
Cube 4 P;0,5644469;1,007062;0,5639445;0;270;0
World;0,1904468;0,04506159;0,8079445;0;0;0
Name;RX;RY;RZ;RorX;RorY;RorZ
Cube 1 G;-0,2314166;0,3993022;0,8469218;0;0;0
Cube 2 G;0,3725834;0,4595022;0,7689219;0;0;0
Cube 3 G;-0,06821659;0,6201022;0,6029218;0;0;0
Cube 4 G;0,5545834;0,9053022;0,5639218;0;0;0
Cube 1 P;-0,3504166;0,4533023;0,8469218;0;0;0
Cube 2 P;0,3812834;0,4912023;0,6388218;0;270;0
Cube 3 P;-0,06331658;0,7173023;0,6108218;0;0;0
Cube 4 P;0,5625834;1,013302;0,5599218;0;270;0
World;0,1885834;0,05130225;0,8039218;0;0;0
Cube 1 G;0,4036051;0,8397549;-0,2418664;0;179,4573;0
Cube 2 G;-0,2011067;0,8999549;-0,1695913;0;179,4573;0
Cube 3 G;0,2381012;1,060555;0,0005767494;0;179,4573;0
Cube 4 G;-0,3850404;1,345755;0,0336756;0;179,4573;0
Cube 1 P;0,5225998;0,893755;-0,2407392;0;179,4573;0
Cube 2 P;-0,2110386;0,9316549;-0,03957948;0;89,45727;0
Cube 3 P;0,2332762;1,157755;-0,00736931;0;179,4573;0
Cube 4 P;-0,3930779;1,453755;0,03759962;0;89,45727;0
World;-0,01678339;0,4917549;-0,2028468;0;179,4573;0
Name;RX;RY;RZ;RorX;RorY;RorZ
Cube 1 G;0,4330116;0,858793;-0,239281;0;179,0486;0
Cube 2 G;-0,1722003;0,918993;-0,171321;0;179,0486;0
Cube 3 G;0,2657825;1,079593;0,001975521;0;179,0486;0
Cube 4 G;-0,3575792;1,364793;0,03062868;0;179,0486;0
Cube 1 P;0,5519953;0,912793;-0,237305;0;179,0486;0
Cube 2 P;-0,1830594;0,950693;-0,04138337;0;89,04857;0
Cube 3 P;0,2610144;1,176793;-0,006004766;0;179,0486;0
Cube 4 P;-0,3656445;1,472793;0,03449529;0;89,04857;0
World;0,01235551;0,510793;-0,2032609;0;179,0486;0
Name;RX;RY;RZ;RorX;RorY;RorZ
Cube 1 G;0,4327174;0,8583613;-0,2395309;0;178,9208;0
Cube 2 G;-0,1726445;0,9185613;-0,1729205;0;178,9208;0
Cube 3 G;0,2649508;1,079161;0,001352146;0;178,9208;0
Cube 4 G;-0,3584732;1,364361;0,02861536;0;178,9208;0
Cube 1 P;0,5516963;0,9123613;-0,2372896;0;178,9208;0
Cube 2 P;-0,1837933;0,9502614;-0,04300743;0;88,92083;0
Cube 3 P;0,2602005;1,176361;-0,00663875;0;178,9208;0
Cube 4 P;-0,3665471;1,472361;0,03246397;0;88,92083;0
World;0,01198205;0,5103613;-0,2044488;0;178,9208;0
Name;RX;RY;RZ;RorX;RorY;RorZ
Cube 1 G;0,4326618;0,858459;-0,2395127;0;178,919;0
Cube 2 G;-0,1727023;0,918659;-0,1729215;0;178,919;0
Cube 3 G;0,2648876;1,079259;0,001364991;0;178,919;0
Cube 4 G;-0,3585375;1,364459;0,02860846;0;178,919;0
Cube 1 P;0,5516406;0,912459;-0,2372677;0;178,919;0
Cube 2 P;-0,1838552;0,950359;-0,04300877;0;88,91901;0
Cube 3 P;0,2601374;1,176459;-0,006626025;0;178,919;0
Cube 4 P;-0,3666115;1,472459;0,03245682;0;88,91901;0
World;0,01192525;0,510459;-0,204444;0;178,919;0
Cube 1 G;0,432655;0,8584322;-0,2394951;0;178,9126;0
Cube 2 G;-0,1727166;0,9186323;-0,1729718;0;178,9126;0
Cube 3 G;0,2648537;1,079232;0,001363784;0;178,9126;0
Cube 4 G;-0,3585743;1,364432;0,02853735;0;178,9126;0
Cube 1 P;0,5516335;0,9124323;-0,2372368;0;178,9126;0
Cube 2 P;-0,183884;0,9503323;-0,04306029;0;88,91258;0
Cube 3 P;0,2601045;1,176432;-0,006627783;0;178,9126;0
Cube 4 P;-0,3666488;1,472432;0,03238481;0;88,91258;0
World;0,01191451;0,5104322;-0,2044736;0;178,9126;0
Cube 1 G;0,432643;0,8584599;-0,2395163;0;178,9148;0
Cube 2 G;-0,172726;0,9186599;-0,17297;0;178,9148;0
Cube 3 G;0,2648509;1,07926;0,001348957;0;178,9148;0
Cube 4 G;-0,3585761;1,36446;0,02854615;0;178,9148;0
Cube 1 P;0,5516217;0,9124599;-0,2372625;0;178,9148;0
Cube 2 P;-0,1838886;0,9503599;-0,04305811;0;88,91476;0
Cube 3 P;0,2601014;1,17646;-0,006642461;0;178,9148;0
Cube 4 P;-0,3666504;1,47246;0,0323939;0;88,91476;0
World;0,01190388;0,5104599;-0,2044788;0;178,9148;0
Cube 1 G;0,4326369;0,8584653;-0,2395268;0;178,9165;0
Cube 2 G;-0,1727301;0,9186653;-0,1729627;0;178,9165;0
Cube 3 G;0,264852;1,079265;0,001343355;0;178,9165;0
Cube 4 G;-0,3585742;1,364465;0,028559;0;178,9165;0
Cube 1 P;0,5516156;0,9124653;-0,2372765;0;178,9165;0
Cube 2 P;-0,1838887;0,9503653;-0,04305045;0;88,91645;0
Cube 3 P;0,2601022;1,176465;-0,0066479;0;178,9165;0
Cube 4 P;-0,3666484;1,472465;0,03240699;0;88,91645;0
World;0,01189891;0,5104653;-0,2044769;0;178,9165;0
Cube 1 G;0,4006903;0,8428547;-0,2351482;0;179,3046;0
Cube 2 G;-0,2042118;0,9030547;-0,1644842;0;179,3046;0
Cube 3 G;0,2345411;1,063655;0,006853223;0;179,3046;0
Cube 4 G;-0,3886864;1,348855;0,03829187;0;179,3046;0
Cube 1 P;0,5196816;0,8968548;-0,2337039;0;179,3046;0
Cube 2 P;-0,2144901;0,9347547;-0,03449939;0;89,30462;0
Cube 3 P;0,2297374;1,160855;-0,001105651;0;179,3046;0
Cube 4 P;-0,3967343;1,456855;0,04219447;0;89,30462;0
World;-0,01980057;0,4948547;-0,1972486;0;179,3046;0
Name;RX;RY;RZ;RorX;RorY;RorZ
Name;RX;RY;RZ;RorX;RorY;RorZ
Name;RX;RY;RZ;RorX;RorY;RorZ
Cube 1 G;0,4070502;0,8681602;-0,2050884;0;179,2287;0
Cube 2 G;-0,1979451;0,9283602;-0,1352266;0;179,2287;0
Cube 3 G;0,2405803;1,08896;0,03669249;0;179,2287;0
Cube 4 G;-0,3826884;1,37416;0,06730478;0;179,2287;0
Cube 1 P;0,5260394;0,9221602;-0,2034864;0;179,2287;0
Cube 2 P;-0,2083957;0,9600602;-0,005255461;0;89,22865;0
Cube 3 P;0,235787;1,18616;0,02872723;0;179,2287;0
Cube 4 P;-0,3907415;1,48216;0,07119672;0;89,22865;0
World;-0,01349062;0,5201602;-0,1677464;0;179,2287;0
Name;RX;RY;RZ;RorX;RorY;RorZ
Name;RX;RY;RZ;RorX;RorY;RorZ
Cube 1 G;0,4012729;0,8634402;-0,2267587;0;181,7902;0
Cube 2 G;-0,1999957;0,9236403;-0,1299284;0;181,7902;0
Cube 3 G;0,2457749;1,08424;0,02222046;0;181,7902;0
Cube 4 G;-0,06356099;1,36944;0,1699559;0;181,7902;0
Cube 1 P;0,5202149;0,9174402;-0,2304761;0;181,7902;0
Cube 2 P;-0,2046272;0,9553403;0,0003799498;0;91,79015;0
Cube 3 P;0,2406304;1,18144;0,01447742;0;181,7902;0
Cube 4 P;-0,07143211;1,47744;0,1742039;0;91,79015;0
World;-0,01717885;0,5154402;-0,1706592;0;181,7902;0
Cube 1 G;0,4013129;0,8631592;-0,2268894;0;181,7675;0
Cube 2 G;-0,199994;0,9233593;-0,1302969;0;181,7675;0
Cube 3 G;0,2457165;1,083959;0,02202825;0;181,7675;0
Cube 4 G;-0,06367788;1,369159;0,1696414;0;181,7675;0
Cube 1 P;0,5202563;0,9171593;-0,2305598;0;181,7675;0
Cube 2 P;-0,2046771;0,9550593;9,581447E-06;0;91,7675;0
Cube 3 P;0,2405751;1,181159;0,01428315;0;181,7675;0
Cube 4 P;-0,07155068;1,477159;0,1738862;0;91,7675;0
World;-0,01716101;0,5151592;-0,1709555;0;181,7675;0
Cube 1 G;0,4011112;0,8569242;-0,2302264;0;179,1695;0
Cube 2 G;-0,203956;0,9171243;-0,1609896;0;179,1695;0
Cube 3 G;0,2343916;1,077724;0,01138245;0;179,1695;0
Cube 4 G;-0,08137581;1,362924;0,1448194;0;179,1695;0
Cube 1 P;0,5200988;0,9109243;-0,2285015;0;179,1695;0
Cube 2 P;-0,2145409;0,9488243;-0,03102928;0;89,16946;0
Cube 3 P;0,2296066;1,174924;0,003412247;0;179,1695;0
Cube 4 P;-0,08943292;1,470924;0,148703;0;89,16946;0
World;-0,01946798;0,5089242;-0,1933188;0;179,1695;0
Name;RX;RY;RZ;RorX;RorY;RorZ
Cube 1 G;0,3999577;0,8606417;-0,2230611;0;179,2841;0
Cube 2 G;-0,2049699;0,9208417;-0,1526144;0;179,2841;0
Cube 3 G;0,2337215;1,081442;0,01888062;0;179,2841;0
Cube 4 G;-0,08177835;1,366642;0,1529488;0;179,2841;0
Cube 1 P;0,5189484;0,9146417;-0,2215742;0;179,2841;0
Cube 2 P;-0,2152948;0,9525417;-0,02263322;0;89,28406;0
Cube 3 P;0,2289207;1,178642;0,01092002;0;179,2841;0
Cube 4 P;-0,08982769;1,474642;0,1568485;0;89,28406;0
World;-0,02054687;0,5126417;-0,1853125;0;179,2841;0
Cube 1 G;0,4022934;0,8477138;-0,2423608;0;179,2553;0
Cube 2 G;-0,2026694;0,9079138;-0,1722177;0;179,2553;0
Cube 3 G;0,2359359;1,068514;-0,0005025268;0;179,2553;0
Cube 4 G;-0,07963121;1,353714;0,1334073;0;179,2553;0
Cube 1 P;0,5212834;0,9017138;-0,2408141;0;179,2553;0
Cube 2 P;-0,2130595;0,9396138;-0,04224175;0;89,2553;0
Cube 3 P;0,231139;1,165714;-0,008465558;0;179,2553;0
Cube 4 P;-0,08768251;1,461714;0,137303;0;89,2553;0
World;-0,01822998;0,4997138;-0,2048233;0;179,2553;0
Name;RX;RY;RZ;RorX;RorY;RorZ
Cube 1 G;0,3964601;0,8529698;-0,2431154;0;178,8006;0
Cube 2 G;-0,2090402;0,9131697;-0,177775;0;178,8006;0
Cube 3 G;0,2281886;1,07377;-0,00258483;0;178,8006;0
Cube 4 G;-0,08843118;1,35897;0,1288167;0;178,8006;0
Cube 1 P;0,515434;0,9069698;-0,2406245;0;178,8006;0
Cube 2 P;-0,2204615;0,9448698;-0,04788558;0;88,80064;0
Cube 3 P;0,223455;1,17097;-0,01058567;0;178,8006;0
Cube 4 P;-0,09651313;1,46697;0,1326483;0;88,80064;0
World;-0,02434796;0,5049698;-0,2089159;0;178,8006;0
Name;RX;RY;RZ;RorX;RorY;RorZ
Cube 1 G;0,3995167;0,8442582;-0,2453717;0;178,8133;0
Cube 2 G;-0,2059693;0,9044582;-0,1798979;0;178,8133;0
Cube 3 G;0,2312982;1,065058;-0,00480409;0;178,8133;0
Cube 4 G;-0,0852927;1,350258;0,1266672;0;178,8133;0
Cube 1 P;0,5184912;0,8982582;-0,2429071;0;178,8133;0
Cube 2 P;-0,217362;0,9361582;-0,05000599;0;88,81326;0
Cube 3 P;0,2265628;1,162258;-0,01280388;0;178,8133;0
Cube 4 P;-0,09337382;1,458258;0,1305007;0;88,81326;0
World;-0,02128388;0,4962582;-0,2110796;0;178,8133;0
