Participant,Practice,Block,Trial,Index,ErrorPosVX,ErrorPosVY,ErrorPosVZ,ErrorOr,Hit
Participant,Practice,Block,Trial,Index,ErrorPosVX,ErrorPosVY,ErrorPosVZ,ErrorOr,Hit
0,true,0,0,I,0,-0.0004149675,-0.000195086,6.176531E-05,2.647051,0
Participant,Practice,Block,Trial,Index,ErrorPosVX,ErrorPosVY,ErrorPosVZ,ErrorOr,Hit
0,true,0,0,I,0,0.004668593,-0.0002267957,0.001345202,1.86796,0
Participant,Practice,Block,Trial,Index,ErrorPosVX,ErrorPosVY,ErrorPosVZ,ErrorOr,Hit
Participant,Practice,Block,Trial,Index,ErrorPosVX,ErrorPosVY,ErrorPosVZ,ErrorOr,Hit
Participant,Practice,Block,Trial,Index,ErrorPosVX,ErrorPosVY,ErrorPosVZ,ErrorOr,Hit
0,true,0,0,I,0,-0.0002968311,0.0006375313,0.001109257,1.648965,0
Participant,Practice,Block,Trial,Index,ErrorPosVX,ErrorPosVY,ErrorPosVZ,ErrorOr,Hit
0,true,0,0,I,0,0.000338614,0.0005657077,0.001398191,1.443985,0
Participant,Practice,Block,Trial,Index,ErrorPosVX,ErrorPosVY,ErrorPosVZ,ErrorOr,Hit
Participant,Practice,Block,Trial,Index,ErrorPosVX,ErrorPosVY,ErrorPosVZ,ErrorOr,Hit
0,true,0,0,I,0,0.0001538396,0.0005568862,0.001326844,1.859981,0
Participant,Practice,Block,Trial,Index,ErrorPosVX,ErrorPosVY,ErrorPosVZ,ErrorOr,Hit
0,true,0,0,I,0,-0.003442347,0.0004900098,0.00196898,2.351728,0
Participant,Practice,Block,Trial,Index,ErrorPosVX,ErrorPosVY,ErrorPosVZ,ErrorOr,Hit
Participant,Practice,Block,Trial,Index,ErrorPosVX,ErrorPosVY,ErrorPosVZ,ErrorOr,Hit
Participant,Practice,Block,Trial,Index,ErrorPosVX,ErrorPosVY,ErrorPosVZ,ErrorOr,Hit
Participant,Practice,Block,Trial,Index,ErrorPosVX,ErrorPosVY,ErrorPosVZ,ErrorOr,Hit
Participant,Practice,Block,Trial,Index,ErrorPosVX,ErrorPosVY,ErrorPosVZ,ErrorOr,Hit
0,true,0,0,I,0,0.0003897548,0.0005595684,0.001115039,1.965557,0
Participant,Practice,Block,Trial,Index,ErrorPosVX,ErrorPosVY,ErrorPosVZ,ErrorOr,Hit
0,true,0,0,I,0,0.001950145,0.0005840659,0.0003437996,2.772138,0
Participant,Practice,Block,Trial,Index,ErrorPosVX,ErrorPosVY,ErrorPosVZ,ErrorOr,Hit
Participant,Practice,Block,Trial,Index,ErrorPosVX,ErrorPosVY,ErrorPosVZ,ErrorOr,Hit
0,true,0,0,I,0,0.005339563,-0.0004966259,-0.002170816,2.070664,0
Participant,Practice,Block,Trial,Index,ErrorPosVX,ErrorPosVY,ErrorPosVZ,ErrorOr,Hit
0,true,0,0,I,0,-0.0006805062,-0.000189662,0.005779594,1.55667,0
0,true,0,0,I,1,-0.0002374668,-0.003236175,0.006503664,2.999182,0
0,true,0,0,I,2,0.002617806,-0.002524257,0.000984855,1.990486,0
0,true,0,0,I,3,0.005867288,0.0009133816,0.002536118,4.843116,0
Participant,Practice,Block,Trial,Index,ErrorPosVX,ErrorPosVY,ErrorPosVZ,ErrorOr,Hit
0,true,0,0,I,0,0.001399934,-3.433228E-05,0.000984475,2.481294,0
Participant,Practice,Block,Trial,Index,ErrorPosVX,ErrorPosVY,ErrorPosVZ,ErrorOr,Hit
Participant,Practice,Block,Trial,Index,ErrorPosVX,ErrorPosVY,ErrorPosVZ,ErrorOr,Hit
0,true,0,0,I,0,0.004091442,-0.0006945729,0.0007942915,1.075552,0
Participant,Practice,Block,Trial,Index,ErrorPosVX,ErrorPosVY,ErrorPosVZ,ErrorOr,Hit
0,true,0,0,I,0,-0.0008305311,0.002452672,0.001506746,3.276822,0
0,true,0,0,I,1,0.0006420724,0.001877844,-7.89091E-05,3.180325,0
0,true,0,0,I,2,-0.004483908,-0.0003464222,-9.284914E-05,4.379632,0
0,true,0,0,I,3,0.001775041,-0.002377272,9.933114E-05,3.311752,0
Participant,Practice,Block,Trial,Index,ErrorPosVX,ErrorPosVY,ErrorPosVZ,ErrorOr,Hit
0,true,0,0,I,0,0.003142655,-0.001857936,0.000878185,4.548689,0
0,true,0,0,I,1,-0.004008818,0.004804492,0.003357723,2.161654,0
0,true,0,0,I,2,-0.0009050071,-0.002553344,-0.004455663,2.773549,0
0,true,0,0,I,3,0.001337059,-0.007327199,-0.001200676,3.702156,0
Participant,Practice,Block,Trial,Index,ErrorPosVX,ErrorPosVY,ErrorPosVZ,ErrorOr,Hit
0,true,0,0,I,0,-0.0004123449,0.0009205937,0.000901252,1.992452,0
0,true,0,0,I,1,0.0008599944,0.001399338,0.003347285,4.499195,0
0,true,0,0,I,2,-0.009060085,-0.0005846024,-0.003913894,4.963036,0
0,true,0,0,I,3,-0.005290359,-0.00605154,-0.004079521,1.800103,0
0,true,0,0,I,0,2.855062E-05,0.0009168983,0.0005699545,1.629867,0
0,true,0,0,I,1,-0.001660604,0.002518535,0.001375094,2.288642,0
0,true,0,0,I,2,-0.005680203,0.007723331,0.00116355,3.261258,0
0,true,0,0,I,3,0.003185116,-0.001852274,-0.00251478,4.452318,0
Participant,Practice,Block,Trial,Index,ErrorPosVX,ErrorPosVY,ErrorPosVZ,ErrorOr,Hit
Participant,Practice,Block,Trial,Index,ErrorPosVX,ErrorPosVY,ErrorPosVZ,ErrorOr,Hit
Participant,Practice,Block,Trial,Index,ErrorPosVX,ErrorPosVY,ErrorPosVZ,ErrorOr,Hit
Participant,Practice,Block,Trial,Index,ErrorPosVX,ErrorPosVY,ErrorPosVZ,ErrorOr,Hit
Participant,Practice,Block,Trial,Index,ErrorPosVX,ErrorPosVY,ErrorPosVZ,ErrorOr,Hit
Participant,Practice,Block,Trial,Index,ErrorPosVX,ErrorPosVY,ErrorPosVZ,ErrorOr,Hit
Participant,Practice,Block,Trial,Index,ErrorPosVX,ErrorPosVY,ErrorPosVZ,ErrorOr,Hit
Participant,Practice,Block,Trial,Index,ErrorPosVX,ErrorPosVY,ErrorPosVZ,ErrorOr,Hit
Participant,Practice,Block,Trial,Index,ErrorPosVX,ErrorPosVY,ErrorPosVZ,ErrorOr,Hit
Participant,Practice,Block,Trial,Index,ErrorPosVX,ErrorPosVY,ErrorPosVZ,ErrorOr,Hit
Participant,Practice,Block,Trial,Index,ErrorPosVX,ErrorPosVY,ErrorPosVZ,ErrorOr,Hit
Participant,Practice,Block,Trial,Index,ErrorPosVX,ErrorPosVY,ErrorPosVZ,ErrorOr,Hit
Participant,Practice,Block,Trial,Index,ErrorPosVX,ErrorPosVY,ErrorPosVZ,ErrorOr,Hit
Participant,Practice,Block,Trial,Index,ErrorPosVX,ErrorPosVY,ErrorPosVZ,ErrorOr,Hit
Participant,Practice,Block,Trial,Index,ErrorPosVX,ErrorPosVY,ErrorPosVZ,ErrorOr,Hit
Participant,Practice,Block,Trial,Index,ErrorPosVX,ErrorPosVY,ErrorPosVZ,ErrorOr,Hit
Participant,Practice,Block,Trial,Index,ErrorPosVX,ErrorPosVY,ErrorPosVZ,ErrorOr,Hit
Participant,Practice,Block,Trial,Index,ErrorPosVX,ErrorPosVY,ErrorPosVZ,ErrorOr,Hit,Score
Participant,Practice,Block,Trial,Index,ErrorPosVX,ErrorPosVY,ErrorPosVZ,ErrorOr,Hit,Score
Participant,Practice,Block,Trial,Index,ErrorPosVX,ErrorPosVY,ErrorPosVZ,ErrorOr,Hit,Score
Participant,Practice,Block,Trial,Index,ErrorPosVX,ErrorPosVY,ErrorPosVZ,ErrorOr,Hit,Score
Participant,Practice,Block,Trial,Index,ErrorPosVX,ErrorPosVY,ErrorPosVZ,ErrorOr,Hit,Score
Participant,Practice,Block,Trial,Index,ErrorPosVX,ErrorPosVY,ErrorPosVZ,ErrorOr,Hit,Score
Participant,Practice,Block,Trial,Index,ErrorPosVX,ErrorPosVY,ErrorPosVZ,ErrorOr,Hit,Score
Participant,Practice,Block,Trial,Index,ErrorPosVX,ErrorPosVY,ErrorPosVZ,ErrorOr,Hit,Score
Participant,Practice,Block,Trial,Index,ErrorPosVX,ErrorPosVY,ErrorPosVZ,ErrorOr,Hit,Score
Participant,Practice,Block,Trial,Index,ErrorPosVX,ErrorPosVY,ErrorPosVZ,ErrorOr,Hit,Score
Participant,Practice,Block,Trial,Index,ErrorPosVX,ErrorPosVY,ErrorPosVZ,ErrorOr,Hit,Score
Participant,Practice,Block,Trial,Index,ErrorPosVX,ErrorPosVY,ErrorPosVZ,ErrorOr,Hit,Score
Participant,Practice,Block,Trial,Index,ErrorPosVX,ErrorPosVY,ErrorPosVZ,ErrorOr,Hit,Score
Participant,Practice,Block,Trial,Index,ErrorPosVX,ErrorPosVY,ErrorPosVZ,ErrorOr,Hit,Score
Participant,Practice,Block,Trial,Index,ErrorPosVX,ErrorPosVY,ErrorPosVZ,ErrorOr,Hit,Score
Participant,Practice,Block,Trial,Index,ErrorPosVX,ErrorPosVY,ErrorPosVZ,ErrorOr,Hit,Score
Participant,Practice,Block,Trial,Index,ErrorPosVX,ErrorPosVY,ErrorPosVZ,ErrorOr,Hit,Score
Participant,Practice,Block,Trial,Index,ErrorPosVX,ErrorPosVY,ErrorPosVZ,ErrorOr,Hit,Score
Participant,Practice,Block,Trial,Index,ErrorPosVX,ErrorPosVY,ErrorPosVZ,ErrorOr,Hit,Score
Participant,Practice,Block,Trial,Index,ErrorPosVX,ErrorPosVY,ErrorPosVZ,ErrorOr,Hit,Score
Participant,Practice,Block,Trial,Index,ErrorPosVX,ErrorPosVY,ErrorPosVZ,ErrorOr,Hit,Score
Participant,Practice,Block,Trial,Index,ErrorPosVX,ErrorPosVY,ErrorPosVZ,ErrorOr,Hit,Score
Participant,Practice,Block,Trial,Index,ErrorPosVX,ErrorPosVY,ErrorPosVZ,ErrorOr,Hit,Score
Participant,Practice,Block,Trial,Index,ErrorPosVX,ErrorPosVY,ErrorPosVZ,ErrorOr,Hit,Score
Participant,Practice,Block,Trial,Index,ErrorPosVX,ErrorPosVY,ErrorPosVZ,ErrorOr,Hit,Score
Participant,Practice,Block,Trial,Index,ErrorPosVX,ErrorPosVY,ErrorPosVZ,ErrorOr,Hit,Score
Participant,Practice,Block,Trial,Index,ErrorPosVX,ErrorPosVY,ErrorPosVZ,ErrorOr,Hit,Score
Participant,Practice,Block,Trial,Index,ErrorPosVX,ErrorPosVY,ErrorPosVZ,ErrorOr,Hit,Score
Participant,Practice,Block,Trial,Index,ErrorPosVX,ErrorPosVY,ErrorPosVZ,ErrorOr,Hit,Score
Participant,Practice,Block,Trial,Index,ErrorPosVX,ErrorPosVY,ErrorPosVZ,ErrorOr,Hit,Score
Participant,Practice,Block,Trial,Index,ErrorPosVX,ErrorPosVY,ErrorPosVZ,ErrorOr,Hit,Score
Participant,Practice,Block,Trial,Index,ErrorPosVX,ErrorPosVY,ErrorPosVZ,ErrorOr,Hit,Score
Participant,Practice,Block,Trial,Index,ErrorPosVX,ErrorPosVY,ErrorPosVZ,ErrorOr,Hit,Score
Participant,Practice,Block,Trial,Index,ErrorPosVX,ErrorPosVY,ErrorPosVZ,ErrorOr,Hit,Score
Participant,Practice,Block,Trial,Index,ErrorPosVX,ErrorPosVY,ErrorPosVZ,ErrorOr,Hit,Score
Participant,Practice,Block,Trial,Index,ErrorPosVX,ErrorPosVY,ErrorPosVZ,ErrorOr,Hit,Score
0,true,0,0,I,0,-0.00201124,0.0008980036,0.0009311885,1.956376,0,0
0,true,0,0,I,0,-0.001265645,0.00117445,0.0006416738,1.953974,0,0
0,true,0,0,I,0,-0.001496375,0.001087189,0.0006456375,1.950366,0,0
0,true,0,0,I,0,-0.001612067,0.001454473,0.0001327358,1.950366,0,0
0,true,0,0,I,0,-0.001833856,0.001494765,-7.917359E-05,1.958775,0,0
0,true,0,0,I,0,-0.001877487,0.0009105206,0.0002098717,1.954375,0,0
0,true,0,0,I,0,-0.002081573,0.0007379055,0.0002951175,1.948358,0,0
0,true,0,0,I,0,-0.002320945,0.001085281,0.0002231821,1.955576,0,0
0,true,0,0,I,0,-0.002647817,0.001218438,-0.0001153424,1.953574,0,0
0,true,0,0,I,0,-0.002681315,0.001390934,-0.0001435503,1.952772,0,0
0,true,0,0,I,0,-0.002919912,0.001661658,-0.0002669021,1.954375,0,0
0,true,0,0,I,0,-0.002468348,0.002383351,-0.0001644455,1.955176,0,0
0,true,0,0,I,0,-0.002367139,0.002442956,-0.0001529902,1.954775,0,0
0,true,0,0,I,0,-0.0022946,0.002469182,5.655736E-05,1.952371,0,0
0,true,0,0,I,0,-0.002097249,0.003088832,0.0005363375,1.952371,0,0
0,true,0,0,I,0,-0.002041161,0.003283262,0.0007818192,1.953974,0,0
0,true,0,0,I,0,-0.002087116,0.002788424,0.0005794354,1.948358,0,0
0,true,0,0,I,0,-0.002235174,0.002501845,0.0005758703,1.948358,0,0
0,true,0,0,I,0,-0.002215326,0.002301574,0.0009299107,1.952371,0,0
0,true,0,0,I,0,-0.002198219,0.002469778,0.0008087158,1.951168,0,0
0,true,0,0,I,0,-0.002318263,0.002022147,0.0008200668,1.954775,0,0
0,true,0,0,I,0,-0.00268048,0.001734376,0.0007758141,1.95197,0,0
0,true,0,0,I,0,-0.002786458,0.001496792,0.001069561,1.955576,0,0
0,true,0,0,I,0,-0.002741218,0.001403451,0.001361676,1.950366,0,0
0,true,0,0,I,0,-0.003073394,0.001848698,0.001388934,1.952772,0,0
0,true,0,0,I,0,-0.002600133,0.002373934,0.001273535,1.954775,0,0
0,true,0,0,I,0,-0.00253588,0.002513051,0.001259699,1.95197,0,0
0,true,0,0,I,0,-0.002524912,0.002573133,0.001032598,1.953574,0,0
0,true,0,0,I,0,-0.002182901,0.002811551,0.0009339117,1.956776,0,0
0,true,0,0,I,0,-0.001936138,0.002479911,0.001545303,1.949161,0,0
0,true,0,0,I,0,-0.002137005,0.001345634,0.001453239,1.953173,0,0
0,true,0,0,I,0,-0.002360225,7.18832E-05,0.00187625,1.946751,0,0
0,true,0,0,I,0,-0.002245009,-4.029274E-05,0.001432717,1.951569,0,0
0,true,0,0,I,0,-0.002108037,0.0004571676,0.001042888,1.951569,0,0
0,true,0,0,I,0,-0.001184344,0.002846122,0.0002467521,1.951168,0,0
0,true,0,0,I,0,-0.0006045103,0.003723145,0.00031754,1.94876,0,0
0,true,0,0,I,0,-6.067753E-05,0.004163861,0.0006456561,1.955176,0,0
0,true,0,0,I,0,-0.0009989738,-0.0007764101,0.002223011,1.959175,0,0
0,true,0,0,I,0,-0.001418293,-0.003928423,0.002030198,1.95197,0,0
0,true,0,0,I,0,-0.001802385,-0.003672242,0.0008330531,1.953974,0,0
0,true,0,0,I,0,-0.002307117,-0.001141548,-0.0005552769,1.951569,0,0
0,true,0,0,I,0,-0.002725542,0.0001205206,-0.001004066,1.956776,0,0
0,true,0,0,I,0,-0.001964808,4.899502E-05,-0.002358459,1.951569,0,0
0,true,0,0,I,0,-0.002018273,0.0003695488,-0.002870027,1.954375,0,0
0,true,0,0,I,0,-0.001678526,0.001099706,-0.003517054,1.94876,0,0
0,true,0,0,I,0,-0.00217098,0.0003775358,-0.002333272,1.950366,0,0
0,true,0,0,I,0,-0.003009617,0.0005624294,-0.000737153,1.950767,0,0
0,true,0,0,I,0,-0.003334105,0.0004444122,-0.0003006384,1.955976,0,0
0,true,0,0,I,0,-0.00361973,0.0004885197,1.747534E-05,1.951168,0,0
0,true,0,0,I,0,-0.003763974,1.66893E-06,0.0005799197,1.949161,0,0
0,true,0,0,I,0,-0.003577173,-0.0008606911,-0.0001261793,1.956776,0,0
0,true,0,0,I,0,-0.004153788,-0.0002310276,-0.0002461299,1.949161,0,0
0,true,0,0,I,0,-0.003891706,0.000625968,-0.0004831217,1.950767,0,0
0,true,0,0,I,0,-0.003272355,0.001898766,-0.0007847473,1.947152,0,0
0,true,0,0,I,0,-0.003154099,0.001354456,-0.0007664859,1.952772,0,0
0,true,0,0,I,0,-0.002941728,0.001227856,-0.0006406941,1.950767,0,0
0,true,0,0,I,0,-0.002641559,0.001733065,-0.0004704259,1.95197,0,0
0,true,0,0,I,0,-0.002500534,0.002031446,-0.000587862,1.955576,0,0
0,true,0,0,I,0,-0.002744973,0.0019629,-0.0006300919,1.948358,0,0
0,true,0,0,I,0,-0.003051281,0.001551867,-0.0008443967,1.950366,0,0
0,true,0,0,I,0,-0.003317535,0.001590729,-0.0009876601,1.949563,0,0
0,true,0,0,I,0,-0.003696024,0.0006378889,-0.0006141067,1.954775,0,0
0,true,0,0,I,0,-0.003865302,0.0006444454,-0.0004096404,1.94876,0,0
0,true,0,0,I,0,-0.003673553,0.0009678602,-0.0006200261,1.953574,0,0
0,true,0,0,I,0,-0.004243314,0.001003623,-0.0005354211,1.953173,0,0
0,true,0,0,I,0,-0.003594279,0.002163053,-0.0004592203,1.951168,0,0
0,true,0,0,I,0,-0.003379464,0.002550721,-0.0007119663,1.950366,0,0
0,true,0,0,I,0,-0.003214955,0.002884865,-0.001050651,1.953974,0,0
0,true,0,0,I,0,-0.002913237,0.002851248,-0.0009150282,1.954375,0,0
0,true,0,0,I,0,-0.002691031,0.002840042,-0.001231998,1.952772,0,0
0,true,0,0,I,0,-0.002946258,0.002114773,-0.00129807,1.957976,0,0
0,true,0,0,I,0,-0.003133059,0.001934767,-0.001374599,1.952772,0,0
0,true,0,0,I,0,-0.003231525,0.002107739,-0.001529619,1.954775,0,0
0,true,0,0,I,0,-0.003432214,0.00223124,-0.001218524,1.948358,0,0
0,true,0,0,I,0,-0.003326714,0.002181411,-0.000757765,1.953974,0,0
0,true,0,0,I,0,-0.003635347,0.002025008,-0.0003897138,1.955576,0,0
0,true,0,0,I,0,-0.003570378,0.002038956,-0.0002536289,1.953173,0,0
0,true,0,0,I,0,-0.004019141,0.002397537,-0.0003855266,1.953974,0,0
0,true,0,0,I,0,-0.004869878,0.002525926,-0.0008020587,1.957976,0,0
0,true,0,0,I,0,-0.005062938,0.002520323,-0.0007213876,1.953974,0,0
0,true,0,0,I,0,-0.004502356,0.002277613,-0.0002569184,1.956776,0,0
0,true,0,0,I,0,-0.0045259,0.002550244,0.000210423,1.956376,0,0
0,true,0,0,I,0,-0.004563332,0.003084421,0.0002538972,1.948358,0,0
0,true,0,0,I,0,-0.003795445,0.002950072,4.960969E-05,1.956376,0,0
0,true,0,0,I,0,-0.003362954,0.002557993,-0.0001881421,1.953574,0,0
0,true,0,0,I,0,-0.00265491,0.002199769,-0.0004977137,1.950767,0,0
0,true,0,0,I,0,-0.002280653,0.001547337,-0.0008084998,1.953974,0,0
0,true,0,0,I,0,-0.002654195,0.001289129,-0.001238938,1.953974,0,0
0,true,0,0,I,0,-0.002685428,0.0007961988,-0.001635116,1.948358,0,0
0,true,0,0,I,0,-0.002745807,0.0008803606,-0.001531042,1.959175,0,0
0,true,0,0,I,0,-0.002829373,0.0006865263,-0.001448061,1.954775,0,0
0,true,0,0,I,0,-0.002344787,0.0009596348,-0.001055814,1.959974,0,0
0,true,0,0,I,0,-0.002525508,0.001220822,-0.0006416887,1.950767,0,0
0,true,0,0,I,0,-0.001757085,0.00153923,-0.0007157698,1.949563,0,0
0,true,0,0,I,0,-0.0018695,0.001814723,-0.0006712601,1.953574,0,0
0,true,0,0,I,0,-0.001921475,0.002011776,-0.0005946532,1.955576,0,0
0,true,0,0,I,0,-0.001223266,0.001680255,-0.0005983524,1.950767,0,0
0,true,0,0,I,0,-0.001536548,0.001812577,-0.0005876757,1.952772,0,0
0,true,0,0,I,0,-0.001647711,0.001660585,-0.0006458908,1.95197,0,0
0,true,0,0,I,0,-0.002479434,0.001415849,-0.0001752749,1.947956,0,0
0,true,0,0,I,0,-0.00219804,0.001483321,-0.0003984645,1.958775,0,0
0,true,0,0,I,0,-0.002636075,0.0009423494,0.0004945919,1.953574,0,0
0,true,0,0,I,0,-0.002870023,0.001014471,0.0005780235,1.950767,0,0
0,true,0,0,I,0,-0.002479374,0.001430631,0.0007654689,1.952772,0,0
0,true,0,0,I,0,-0.002204418,0.001763105,0.0002156124,1.953974,0,0
0,true,0,0,I,0,-0.002144396,0.002239227,-0.0002694875,1.957576,0,0
0,true,0,0,I,0,-0.001828969,0.002687573,-0.0005091317,1.954375,0,0
0,true,0,0,I,0,-0.001702547,0.00294888,-0.001291648,1.953173,0,0
0,true,0,0,I,0,-0.001826704,0.0022614,-0.0009823292,1.949563,0,0
0,true,0,0,I,0,-0.001939714,0.001698494,-0.000625357,1.955176,0,0
0,true,0,0,I,0,-0.002164483,0.001711249,-0.0004061162,1.951168,0,0
0,true,0,0,I,0,-0.002084374,0.002161026,-2.298132E-05,1.951168,0,0
0,true,0,0,I,0,-0.00225997,0.002073407,0.0006834082,1.954375,0,0
0,true,0,0,I,0,-0.001322329,0.0009331703,0.002752852,1.956776,0,0
0,true,0,0,I,0,-7.95722E-05,-0.001463532,0.004328828,1.956776,0,0
0,true,0,0,I,0,0.0004009008,-0.003968358,0.00466571,1.953574,0,0
0,true,0,0,I,0,-0.0022946,0.003725529,-0.001863051,1.951168,0,0
0,true,0,0,I,0,-0.002469897,0.002902508,-0.002926327,1.956376,0,0
0,true,0,0,I,0,-0.002290189,0.002223134,-0.002724886,1.958376,0,0
0,true,0,0,I,0,-0.002353966,0.00214386,-0.002164274,1.949563,0,0
0,true,0,0,I,0,-0.002293289,0.002272367,-0.002004042,1.94876,0,0
0,true,0,0,I,0,-0.002354205,0.002259254,-0.001675911,1.95197,0,0
0,true,0,0,I,0,-0.003243625,0.001512289,-0.001066104,1.955976,0,0
0,true,0,0,I,0,-0.003533065,0.001080036,-0.00073082,1.951569,0,0
0,true,0,0,I,0,-0.003593624,0.001234889,-0.0009776503,1.950767,0,0
0,true,0,0,I,0,-0.003345311,0.00160408,-0.001198478,1.954775,0,0
0,true,0,0,I,0,-0.003491342,0.00209856,-0.0009152889,1.947152,0,0
0,true,0,0,I,0,-0.003447711,0.001812935,-0.0007623285,1.953574,0,0
0,true,0,0,I,0,-0.00318557,0.001854777,-0.0006986298,1.949161,0,0
0,true,0,0,I,0,-0.002689064,0.001832485,-0.001883008,1.958376,0,0
0,true,0,0,I,0,-0.002475679,0.00163734,-0.00229213,1.949964,0,0
0,true,0,0,I,0,-0.002882183,0.0009709597,-0.001367792,1.955176,0,0
0,true,0,0,I,0,-0.00287497,0.0007997751,-0.001101471,1.950767,0,0
0,true,0,0,I,0,-0.003069997,0.00126791,-0.001283761,1.950767,0,0
0,true,0,0,I,0,-0.003062487,0.00159049,-0.001392342,1.951168,0,0
0,true,0,0,I,0,-0.002783716,0.002174497,-0.002031863,1.951168,0,0
0,true,0,0,I,0,-0.002713203,0.002321124,-0.0021341,1.954775,0,0
0,true,0,0,I,0,-0.002848744,0.002103567,-0.001831982,1.95197,0,0
0,true,0,0,I,0,-0.002983868,0.001914859,-0.00136688,1.954375,0,0
0,true,0,0,I,0,-0.003193915,0.002163291,-0.001955606,1.953574,0,0
0,true,0,0,I,0,-0.003041446,0.002204776,-0.001809917,1.949964,0,0
0,true,0,0,I,0,-0.002959073,0.001707435,-0.001134582,1.949964,0,0
0,true,0,0,I,0,-0.002851665,0.002067804,-0.001509458,1.955576,0,0
0,true,0,0,I,0,-0.002783358,0.002092481,-0.001490623,1.950366,0,0
0,true,0,0,I,0,-0.003155887,0.001937747,-0.001644317,1.954775,0,0
0,true,0,0,I,0,-0.0032022,0.00163722,-0.001569826,1.955176,0,0
0,true,0,0,I,0,-0.003057361,0.001388192,-0.001442496,1.954775,0,0
0,true,0,0,I,0,-0.003021955,0.001188397,-0.001084611,1.956376,0,0
0,true,0,0,I,0,-0.003007412,0.001320362,-0.001076944,1.948358,0,0
0,true,0,0,I,0,-0.00285542,0.001599193,-0.001514513,1.954375,0,0
0,true,0,0,I,0,-0.003169298,0.001912475,-0.001287479,1.954375,0,0
0,true,0,0,I,0,-0.003243327,0.002021194,-0.0007650442,1.953574,0,0
0,true,0,0,I,0,-0.003177524,0.002179265,-0.0007311851,1.957176,0,0
0,true,0,0,I,0,-0.003158092,0.002102494,-0.0001637749,1.952371,0,0
0,true,0,0,I,0,-0.003142059,0.001996636,-7.584691E-05,1.955176,0,0
0,true,0,0,I,0,-0.003395855,0.002517581,-0.0004392415,1.952772,0,0
0,true,0,0,I,0,-0.003301561,0.0028404,-0.0005909875,1.952371,0,0
0,true,0,0,I,0,-0.003444552,0.002660513,-0.0003092661,1.95197,0,0
0,true,0,0,I,0,-0.00293541,0.003039122,-0.0011908,1.954775,0,0
0,true,0,0,I,0,-0.002850413,0.003122687,-0.0008366741,1.956776,0,0
0,true,0,0,I,0,-0.002588451,0.002539158,-0.0001328364,1.950366,0,0
0,true,0,0,I,0,-0.003260553,0.001960516,0.0004252158,1.952371,0,0
0,true,0,0,I,0,-0.002905548,0.002468348,-0.0001589321,1.951569,0,0
0,true,0,0,I,0,-0.003077567,0.002279282,6.182492E-05,1.950767,0,0
0,true,0,0,I,0,-0.0032444,0.002046824,8.933991E-05,1.952772,0,0
0,true,0,0,I,0,-0.003482699,0.001945615,-0.0004479252,1.949161,0,0
0,true,0,0,I,0,-0.003359199,0.001718998,-0.0006852522,1.953173,0,0
0,true,0,0,I,0,-0.003607929,0.001692176,-0.000512857,1.952772,0,0
0,true,0,0,I,0,-0.004040539,0.002094865,-0.0003690794,1.950767,0,0
0,true,0,0,I,0,-0.003544927,0.002110124,8.702278E-06,1.95197,0,0
0,true,0,0,I,0,-0.00342387,0.002240419,-0.0004093349,1.959574,0,0
0,true,0,0,I,0,-0.002823055,0.002255678,-0.0005824082,1.95197,0,0
0,true,0,0,I,0,-0.003195107,0.001497269,-0.000929378,1.951569,0,0
0,true,0,0,I,0,-0.003036261,0.0008842945,-0.0009447746,1.952772,0,0
0,true,0,0,I,0,-0.002879083,0.0006072521,-0.0006593466,1.952371,0,0
0,true,0,0,I,0,-0.002805889,0.0003663301,-0.0006991625,1.955976,0,0
0,true,0,0,I,0,-0.003156185,0.0009694099,-0.0003134832,1.960772,0,0
0,true,0,0,I,0,-0.002955556,0.001211882,-0.0004088283,1.953574,0,0
0,true,0,0,I,0,-0.002922297,0.001774073,-0.0006797798,1.951168,0,0
0,true,0,0,I,0,-0.002917826,0.001983404,-0.0005574599,1.95197,0,0
0,true,0,0,I,0,-0.002792895,0.001664162,-0.0004677586,1.951168,0,0
0,true,0,0,I,0,-0.0028494,0.001613379,-0.0008947738,1.953974,0,0
0,true,0,0,I,0,-0.002787769,0.001593709,-0.001088794,1.94876,0,0
0,true,0,0,I,0,-0.002669156,0.001908422,-0.001107849,1.950767,0,0
0,true,0,0,I,0,-0.002867877,0.001928687,-0.0006948113,1.950366,0,0
0,true,0,0,I,0,-0.003100336,0.001349092,-0.0005262457,1.950767,0,0
0,true,0,0,I,0,-0.003227174,0.001333714,-0.0005452298,1.951168,0,0
0,true,0,0,I,0,-0.003127992,0.001240373,-0.0002862774,1.955976,0,0
0,true,0,0,I,0,-0.002919614,0.001443863,-0.0003059134,1.952371,0,0
0,true,0,0,I,0,-0.003013551,0.0006976128,-0.0005315244,1.948358,0,0
0,true,0,0,I,0,-0.003434539,0.0009894371,-0.0008060113,1.949161,0,0
0,true,0,0,I,0,-0.003981888,0.002525568,-0.0007795542,1.950366,0,0
0,true,0,0,I,0,-0.004317522,0.002360582,-0.0003561005,1.955176,0,0
0,true,0,0,I,0,-0.004294932,0.002075791,-0.0004250333,1.950767,0,0
0,true,0,0,I,0,-0.004161596,0.002392411,-0.0005771145,1.952371,0,0
0,true,0,0,I,0,-0.004022777,0.002452016,-0.0007094368,1.954375,0,0
0,true,0,0,I,0,-0.003951371,0.002191663,-0.001221348,1.95197,0,0
0,true,0,0,I,0,-0.004011452,0.001843452,-0.001404472,1.952772,0,0
0,true,0,0,I,0,-0.003982484,0.001981974,-0.001284279,1.951168,0,0
0,true,0,0,I,0,-0.004699051,0.00198555,-0.000857655,1.950767,0,0
0,true,0,0,I,0,-0.004823446,0.001787305,-0.001030307,1.949964,0,0
0,true,0,0,I,0,-0.003090501,0.00154829,-0.0009439178,1.951168,0,0
0,true,0,0,I,0,-0.002554953,0.001637578,-0.000678245,1.95197,0,0
0,true,0,0,I,0,-0.002934635,0.001583219,-0.0005604811,1.953974,0,0
0,true,0,0,I,0,-0.002426267,0.001622915,-0.0008385628,1.954375,0,0
0,true,0,0,I,0,-0.002315998,0.001552463,-0.000907246,1.955976,0,0
0,true,0,0,I,0,-0.002809405,0.001517773,-0.0009040833,1.950767,0,0
0,true,0,0,I,0,-0.002830029,0.00146544,-0.0006145649,1.952772,0,0
0,true,0,0,I,0,-0.002320886,0.001318812,-0.0001524985,1.955576,0,0
0,true,0,0,I,0,-0.00229001,0.001644254,-0.0003099814,1.953574,0,0
0,true,0,0,I,0,-0.00207597,0.001609087,-0.000398539,1.950767,0,0
0,true,0,0,I,0,-0.00197506,0.00151825,-0.0005740002,1.953974,0,0
0,true,0,0,I,0,-0.003255785,0.001964808,-0.000903964,1.951168,0,0
0,true,0,0,I,0,-0.002596736,0.001416206,-0.001287777,1.961969,0,0
0,true,0,0,I,0,-0.00331676,0.0009760857,-0.001071967,1.956776,0,0
0,true,0,0,I,0,-0.003771782,0.000954628,-0.0006321594,1.951168,0,0
0,true,0,0,I,0,-0.004199684,0.001372337,-0.0005267411,1.952371,0,0
0,true,0,0,I,0,-0.0038203,0.001248598,-0.0004908927,1.961172,0,0
0,true,0,0,I,0,-0.003457069,0.001551867,-0.0002243072,1.952772,0,0
0,true,0,0,I,0,-0.003210843,0.00164485,8.619949E-05,1.949964,0,0
0,true,0,0,I,0,-0.0032143,0.002496004,-0.0001856834,1.953974,0,0
0,true,0,0,I,0,-0.002979457,0.003679395,-0.0005519837,1.956376,0,0
0,true,0,0,I,0,-0.002977192,0.004459381,-0.0005715452,1.949964,0,0
0,true,0,0,I,0,-0.00333482,0.003862143,-0.0001684166,1.958775,0,0
0,true,0,0,I,0,-0.003632963,0.002426028,0.0003192089,1.956376,0,0
0,true,0,0,I,0,-0.003502429,0.001148939,0.0006185956,1.955176,0,0
0,true,0,0,I,0,-0.002908707,-0.0007344484,0.001043327,1.955576,0,0
0,true,0,0,I,0,-0.002594709,-0.001477122,0.001005728,1.950366,0,0
0,true,0,0,I,0,-0.00238806,-0.0008847713,0.0004931018,1.950366,0,0
0,true,0,0,I,0,-0.002327383,-0.0003745556,0.0001682192,1.952371,0,0
0,true,0,0,I,0,-0.002452493,-0.0003707409,0.0004015826,1.950366,0,0
0,true,0,0,I,0,-0.002250791,8.964539E-05,0.0004190132,1.949161,0,0
0,true,0,0,I,0,-0.002880573,-7.43866E-05,0.0008666851,1.953173,0,0
0,true,0,0,I,0,-0.00292033,-0.0001094341,0.0008508526,1.952371,0,0
0,true,0,0,I,0,-0.003364444,9.36985E-05,0.0005109981,1.954775,0,0
0,true,0,0,I,0,-0.00331533,0.0001778603,0.0004725084,1.954375,0,0
0,true,0,0,I,0,-0.003334343,-0.0003304482,0.0004104525,1.951569,0,0
0,true,0,0,I,0,-0.003058255,-0.001002669,0.0004249923,1.95197,0,0
0,true,0,0,I,0,-0.002868116,-0.00161469,0.0004513115,1.953574,0,0
0,true,0,0,I,0,-0.002602756,-0.001347899,0.0002721511,1.95197,0,0
0,true,0,0,I,0,-0.001619279,-0.0004341602,-2.346933E-05,1.954775,0,0
0,true,0,0,I,0,-0.0004933476,-0.000696063,-2.493709E-05,1.955976,0,0
0,true,0,0,I,0,-0.001198649,0.0009412766,-0.0007110313,1.947956,0,0
0,true,0,0,I,0,-0.002286494,0.001441598,-0.0006812401,1.953974,0,0
0,true,0,0,I,0,-0.001754045,0.001236677,-7.02925E-05,1.956376,0,0
0,true,0,0,I,0,-0.00229615,0.001060247,0.0003266111,1.949563,0,0
0,true,0,0,I,0,-0.002613068,0.00155139,0.0001438037,1.954775,0,0
0,true,0,0,I,0,-0.002718806,0.001403928,0.0001135543,1.949563,0,0
0,true,0,0,I,0,-0.002883017,0.001583338,0.0004671477,1.954375,0,0
0,true,0,0,I,0,-0.003226995,0.001572967,0.0005990975,1.951168,0,0
0,true,0,0,I,0,-0.00321424,0.001805186,0.0004686564,1.957976,0,0
0,true,0,0,I,0,-0.002392471,0.001481295,0.0003657565,1.953574,0,0
0,true,0,0,I,0,-0.001639783,0.001271844,9.991974E-05,1.957176,0,0
0,true,0,0,I,0,-0.0006307364,0.0008208752,0.0001768395,1.952772,0,0
0,true,0,0,I,0,-0.001109004,0.0006059408,6.672367E-05,1.955976,0,0
0,true,0,0,I,0,-0.0003838539,-7.736683E-05,0.0002653413,1.952772,0,0
0,true,0,0,I,0,-0.002019823,0.001092672,0.0004095472,1.951569,0,0
0,true,0,0,I,0,-0.001394928,0.001314402,0.0003532916,1.954375,0,0
0,true,0,0,I,0,-0.00129652,0.001490235,0.0004155487,1.956376,0,0
0,true,0,0,I,0,-0.00122422,0.001324534,-0.0001507774,1.954775,0,0
0,true,0,0,I,0,-0.001485825,0.001210332,-0.000216499,1.953974,0,0
0,true,0,0,I,0,-0.001645684,0.001297116,-0.0004623979,1.954375,0,0
0,true,0,0,I,0,-0.002130032,0.001447201,-0.0002827309,1.951168,0,0
0,true,0,0,I,0,-0.002016246,0.0004755259,-0.0008354113,1.950366,0,0
0,true,0,0,I,0,-0.001952112,0.000638485,-0.000938423,1.957576,0,0
0,true,0,0,I,0,-0.002074361,0.001013041,-0.0008169301,1.952371,0,0
0,true,0,0,I,0,-0.002386928,0.0008574724,-0.0005970709,1.954775,0,0
0,true,0,0,I,0,-0.002613246,0.001037955,-0.0004059896,1.950366,0,0
0,true,0,0,I,0,-0.002761722,0.001369238,-2.839044E-05,1.955576,0,0
0,true,0,0,I,0,-0.00279367,0.001974225,0.0001734644,1.94876,0,0
0,true,0,0,I,0,-0.002759337,0.001712799,0.000133425,1.949161,0,0
0,true,0,0,I,0,-0.002639592,0.001550317,-0.0001433641,1.952371,0,0
0,true,0,0,I,0,-0.002593756,0.001306772,-1.513958E-05,1.955176,0,0
0,true,0,0,I,0,-0.002846837,0.001019478,6.99684E-05,1.954375,0,0
0,true,0,0,I,0,-0.003170013,0.0009402037,0.0002094209,1.955976,0,0
0,true,0,0,I,0,-0.003427684,0.0008605719,0.000287056,1.955976,0,0
0,true,0,0,I,0,-0.003341854,0.00118351,0.0002343766,1.953173,0,0
0,true,0,0,I,0,-0.003271043,0.001283646,0.0001233891,1.954375,0,0
0,true,0,0,I,0,-0.003423512,0.0007708073,-2.011657E-06,1.954375,0,0
0,true,0,0,I,0,-0.003563404,-5.888939E-05,-2.801046E-05,1.955976,0,0
0,true,0,0,I,0,-0.00354892,-0.0007759333,-2.722815E-05,1.954375,0,0
0,true,0,0,I,0,-0.003379583,-0.001557708,0.0001337193,1.953574,0,0
0,true,0,0,I,0,-0.003074706,-0.000839591,0.0001060143,1.954375,0,0
0,true,0,0,I,0,-0.002686918,0.001011252,-0.0003799349,1.953173,0,0
0,true,0,0,I,0,-0.002317488,0.00210762,-0.0006936379,1.952772,0,0
0,true,0,0,I,0,-0.00181514,0.002335668,-0.001634806,1.955976,0,0
0,true,0,0,I,0,-0.001463532,0.002106667,-0.001586702,1.95197,0,0
0,true,0,0,I,0,-0.001676261,0.0007205009,-0.001672983,1.951168,0,0
0,true,0,0,I,0,-0.001894236,-0.001061201,-0.001819745,1.957976,0,0
0,true,0,0,I,0,-0.001865089,-0.00138545,-0.001699328,1.952772,0,0
0,true,0,0,I,0,-0.00174737,-0.001177907,-0.00264556,1.954775,0,0
0,true,0,0,I,0,-0.001608729,-0.0003365278,-0.003184475,1.952772,0,0
0,true,0,0,I,0,-0.001205802,0.0008558035,-0.003733631,1.956376,0,0
0,true,0,0,I,0,-0.0005730987,0.001858473,-0.004683938,1.95197,0,0
0,true,0,0,I,0,-0.001177847,0.001752377,-0.003894083,1.949563,0,0
0,true,0,0,I,0,-0.001647413,7.748604E-06,-0.003218327,1.950767,0,0
0,true,0,0,I,0,-0.001710355,-0.000218749,-0.003274124,1.953574,0,0
0,true,0,0,I,0,-0.001587689,-4.74453E-05,-0.00281883,1.95197,0,0
0,true,0,0,I,0,-0.001407325,0.0009359121,-0.002743501,1.955176,0,0
0,true,0,0,I,0,-0.001402259,0.001600027,-0.001836643,1.953173,0,0
0,true,0,0,I,0,-0.0008832812,0.001956701,-0.001867164,1.952371,0,0
0,true,0,0,I,0,-0.002646089,-0.0007653236,0.001864921,1.949964,0,0
0,true,0,0,I,0,-0.002401948,9.822845E-05,0.001655962,1.951168,0,0
0,true,0,0,I,0,-0.001948833,-0.0003013611,0.001721546,1.949161,0,0
0,true,0,0,I,0,-0.001074314,-0.0009423494,0.001384337,1.949964,0,0
0,true,0,0,I,0,-0.001034677,-0.0002998114,0.0006196015,1.951168,0,0
0,true,0,0,I,0,-0.001556396,-0.001775622,0.001430523,1.956776,0,0
0,true,0,0,I,0,-0.00150466,-0.002276421,0.001682114,1.955976,0,0
0,true,0,0,I,0,-0.001926899,-0.002609372,0.001751661,1.956776,0,0
0,true,0,0,I,0,-0.00204438,-0.001971602,0.001293868,1.953974,0,0
0,true,0,0,I,0,-0.005787492,0.001019835,0.00055518,1.952772,0,0
0,true,0,0,I,0,-0.005879343,0.001891375,0.0007005967,1.959574,0,0
0,true,0,0,I,0,-0.005664051,0.002226591,0.001313221,1.95197,0,0
0,true,0,0,I,0,-0.006654441,0.00258863,0.001940656,1.94876,0,0
0,true,0,0,I,0,-0.005679309,0.001617551,0.002609935,1.956776,0,0
0,true,0,0,I,0,-0.005186081,0.001280069,0.002821892,1.953574,0,0
0,true,0,0,I,0,-0.004287958,0.0003684759,0.002197336,1.950366,0,0
0,true,0,0,I,0,-0.003429115,0.000181675,0.002274387,1.950767,0,0
0,true,0,0,I,0,-0.003210723,0.0001388788,0.003066398,1.956776,0,0
0,true,0,0,I,0,-0.003081083,0.0002598763,0.002582874,1.953173,0,0
0,true,0,0,I,0,-0.002817988,0.0002797842,0.002769165,1.953173,0,0
0,true,0,0,I,0,-0.002844632,-0.0004520416,0.002675988,1.951569,0,0
0,true,0,0,I,0,-0.0006415844,-0.001366496,-0.001509536,1.954375,0,0
0,true,0,0,I,0,-0.001889765,-0.000484705,-0.0007955171,1.951168,0,0
0,true,0,0,I,0,-0.00164628,-0.0006549358,-0.0009532608,1.952772,0,0
0,true,0,0,I,0,-0.002295673,-0.0001891851,-0.0007281229,1.954775,0,0
0,true,0,0,I,0,-0.002635896,-0.0002036095,-0.000742469,1.953974,0,0
0,true,0,0,I,0,-0.003263235,-0.0003932714,-0.0004428998,1.953974,0,0
0,true,0,0,I,0,-0.003492773,-0.0001744032,-0.0009638295,1.950366,0,0
0,true,0,0,I,0,-0.003530324,0.0001664162,-0.0006924644,1.949964,0,0
0,true,0,0,I,0,-0.003679097,0.0003843307,-0.0005059317,1.949563,0,0
0,true,0,0,I,0,-0.003477931,0.0007218122,-0.0005414523,1.953173,0,0
0,true,0,0,I,0,-0.003437817,0.001224041,-0.0007606447,1.953173,0,0
0,true,0,0,I,0,-0.003659189,0.001205206,-0.000672631,1.95197,0,0
0,true,0,0,I,0,-0.003550351,0.001415968,-0.001115531,1.953574,0,0
0,true,0,0,I,0,-0.006059408,0.003586173,-0.0004845224,1.951168,0,0
0,true,0,0,I,0,-0.00663662,0.003131986,0.0002446435,1.952772,0,0
0,true,0,0,I,0,-0.005488336,0.002338648,0.0005815774,1.953574,0,0
0,true,0,0,I,0,-0.00672847,0.001831412,0.001428209,1.949563,0,0
0,true,0,0,I,0,-0.005684197,0.0009262562,0.001726791,1.954375,0,0
0,true,0,0,I,0,-0.003255308,0.0005034208,0.00183659,1.953173,0,0
0,true,0,0,I,0,-0.001063287,-0.0005162954,-0.00118975,2.554044,0,0
0,true,0,0,I,0,-0.001271665,-0.0007861853,-0.001228809,2.556189,0,0
0,true,0,0,I,0,-0.00137651,-0.001206994,-0.0009818859,2.555576,0,0
0,true,0,0,I,0,-0.001507759,-0.001051426,-0.0009420253,2.556189,0,0
0,true,0,0,I,0,-0.001397491,-0.0002951622,-0.001416933,2.55527,0,0
0,true,0,0,I,0,-0.001783609,-0.0001198053,-5.214661E-05,2.567799,0,0
0,true,0,0,I,0,-0.001478791,-0.000146389,-2.475828E-05,2.560778,0,0
0,true,0,0,I,0,-0.000982821,-7.295609E-05,-0.001308911,2.552511,0,0
0,true,0,0,I,0,0.0001071692,9.50098E-05,-0.0019999,2.566274,0,0
0,true,0,0,I,0,0.0006189942,-0.000410676,-0.001993798,2.559249,0,0
0,true,0,0,I,0,0.0008174777,-0.0005780458,-0.001900636,2.55527,0,0
0,true,0,0,I,0,0.0007221103,-0.0002789497,-0.00176502,2.553431,0,0
0,true,0,0,I,0,0.0005100965,-0.0001512766,-0.001671731,2.555576,0,0
0,true,0,0,I,0,-0.0004324913,-0.0003603697,-0.001424827,2.554351,0,0
0,true,0,0,I,0,-0.0007547736,-0.000585556,-0.001331441,2.568408,0,0
0,true,0,0,I,0,-0.0005254149,-0.000118494,-0.001521222,2.562306,0,0
0,true,0,0,I,0,-0.0005067587,-1.204014E-05,-0.001388259,2.565969,0,0
0,true,0,0,I,0,-0.0004365444,0.0004661083,-0.00131721,2.558637,0,0
0,true,0,0,I,0,-0.001582682,0.0008746386,-0.005187683,2.556801,0,0
0,true,0,0,I,0,-0.001579344,0.0008307695,-0.005394109,2.562917,0,0
0,true,0,0,I,0,-0.001486838,0.0002088547,-0.00540401,2.560166,0,0
0,true,0,0,I,0,-0.001784205,-5.042553E-05,-0.005317178,2.563833,0,0
0,true,0,0,I,0,-0.001156688,-0.0001138449,-0.005566224,2.566884,0,0
0,true,0,0,I,0,-0.0008448958,2.0504E-05,-0.005666059,2.558025,0,0
0,true,0,0,I,0,-0.0009067059,0.0001068115,-0.00555478,2.562611,0,0
0,true,0,0,I,0,-0.001751304,0.0003681183,-0.005321048,2.561389,0,0
0,true,0,0,I,0,-0.002233207,0.0006262064,-0.005125314,2.565054,0,0
0,true,0,0,I,0,-0.003008902,0.001748443,-0.00496234,2.564749,0,0
0,true,0,0,I,0,-0.00402534,0.002446651,-0.004429638,2.564138,0,0
0,true,0,0,I,0,-0.003533661,0.002652764,-0.00420104,2.563222,0,0
0,true,0,0,I,0,-0.001817942,0.002566934,-0.004525069,2.563527,0,0
0,true,0,0,I,0,-0.002257049,0.004018545,-0.003864389,2.558637,0,0
0,true,0,0,I,0,-0.001440167,0.004528999,-0.003739297,2.563527,0,0
0,true,0,0,I,0,-0.0004496574,0.0044806,-0.003637541,2.567799,0,0
0,true,0,0,I,0,0.0004944801,0.004598022,-0.003750253,2.560472,0,0
0,true,0,0,I,0,0.001640618,0.00464642,-0.003646903,2.564749,0,0
0,true,0,0,I,0,0.001882434,0.0042032,-0.003196184,2.564138,0,0
0,true,0,0,I,0,0.002059758,0.002984047,-0.002979513,2.560166,0,0
0,true,0,0,I,0,0.0009413958,0.003164649,-0.0025151,2.563833,0,0
0,true,0,0,I,0,0.0008929968,0.001143456,-0.0009670034,2.557107,0,0
0,true,0,0,I,0,-0.0001500249,-0.001319647,-0.001015697,2.563833,0,0
0,true,0,0,I,0,-0.0003075004,-0.001847863,-0.001823876,2.553431,0,0
0,true,0,0,I,0,0.0003668666,-0.002807379,-0.002601929,2.560166,0,0
0,true,0,0,I,0,3.910065E-05,-0.003987789,-0.003032371,2.564749,0,0
0,true,0,0,I,0,0.0002006888,-0.006347299,-0.003459312,2.564443,0,0
0,true,0,0,I,0,0.0002134442,-0.006752968,-0.004710495,2.562917,0,0
0,true,0,0,I,0,0.002792239,-0.002849102,-0.007036693,2.566274,0,0
0,true,0,0,I,0,0.003382623,-0.002204895,-0.006497983,2.561389,0,0
0,true,0,0,I,0,0.00337261,-0.001510739,-0.005678032,2.557107,0,0
0,true,0,0,I,0,0.00349772,-0.001276016,-0.00562682,2.561083,0,0
0,true,0,0,I,0,0.003407717,-0.0004570484,-0.005568568,2.558943,0,0
0,true,0,0,I,0,0.003010392,0.0002080202,-0.00564909,2.562,0,0
0,true,0,0,I,0,0.003878057,0.0001615286,-0.006051391,2.561083,0,0
0,true,0,0,I,0,0.003751814,-0.00010252,-0.006300889,2.564443,0,0
0,true,0,0,I,0,0.002928555,-0.0005414486,-0.006076887,2.565359,0,0
0,true,0,0,I,0,0.002376616,-0.0008260012,-0.005270209,2.558331,0,0
0,true,0,0,I,0,0.002042592,-0.0007948875,-0.005379718,2.564138,0,0
0,true,0,0,I,0,0.002556503,-0.0005879402,-0.005415924,2.563222,0,0
0,true,0,0,I,0,0.002808273,-0.0002089739,-0.005428147,2.561083,0,0
0,true,0,0,I,0,0.00336045,0.000207305,-0.005602412,2.560472,0,0
0,true,0,0,I,0,0.003739476,0.0007312298,-0.00590118,2.558331,0,0
0,true,0,0,I,0,0.003377378,0.0007754564,-0.005987931,2.561083,0,0
0,true,0,0,I,0,0.002563238,0.00104022,-0.006610114,2.559861,0,0
0,true,0,0,I,0,0.002718627,0.001110196,-0.006443806,2.559861,0,0
0,true,0,0,I,0,0.002331018,0.0005662441,-0.006450534,2.557107,0,0
0,true,0,0,I,0,0.002470613,-7.748604E-06,-0.006375145,2.558943,0,0
0,true,0,0,I,0,0.003051877,-0.0002281666,-0.006424911,2.564443,0,0
0,true,0,0,I,0,0.002991736,-0.0001240969,-0.006297439,2.554964,0,0
0,true,0,0,I,0,0.002893627,0.0005151033,-0.00593777,2.560166,0,0
0,true,0,0,I,0,0.002819419,0.001108766,-0.005591612,2.563527,0,0
0,true,0,0,I,0,0.002340794,0.001667619,-0.00551698,2.558637,0,0
0,true,0,0,I,0,0.001977086,0.002051353,-0.005373962,2.562917,0,0
0,true,0,0,I,0,0.00159055,0.001857042,-0.005317654,2.560472,0,0
0,true,0,0,I,0,0.001480222,0.001746416,-0.005477872,2.565054,0,0
0,true,0,0,I,0,0.001450419,0.001220107,-0.005625911,2.560472,0,0
0,true,0,0,I,0,0.001650214,0.0003149509,-0.005715158,2.561083,0,0
0,true,0,0,I,0,0.005501568,0.001995564,-0.007250585,2.560166,0,0
0,true,0,0,I,0,0.00650996,0.002802491,-0.005506348,2.558637,0,0
0,true,0,0,I,0,0.00479275,0.002460122,-0.004908819,2.558637,0,0
0,true,0,0,I,0,0.003624916,0.002634168,-0.004718497,2.562306,0,0
0,true,0,0,I,0,0.003026605,0.002590537,-0.004395895,2.558331,0,0
0,true,0,0,I,0,0.002150774,0.002498388,-0.004322808,2.562,0,0
0,true,0,0,I,0,0.002415538,0.003440976,-0.003155105,2.562306,0,0
0,true,0,0,I,0,0.001402378,0.00349021,-0.00292569,2.565664,0,0
0,true,0,0,I,0,0.002240479,0.003442526,-0.003239501,2.564138,0,0
0,true,0,0,I,0,0.003269076,0.004920602,-0.001705036,2.561695,0,0
0,true,0,0,I,0,0.00347358,0.004855871,-0.002338123,2.558637,0,0
0,true,0,0,I,0,0.003446221,0.005406618,-0.001728188,2.558943,0,0
0,true,0,0,I,0,0.003313959,0.006192446,-0.001790177,2.563527,0,0
0,true,0,0,I,0,0.002379656,0.005933642,-0.001047462,2.563222,0,0
0,true,0,0,I,0,0.001684606,0.006660819,6.306171E-05,2.560166,0,0
0,true,0,0,I,0,0.001843691,0.006279349,0.001258448,2.558637,0,0
0,true,0,0,I,0,0.00241369,0.00694406,0.002504725,2.560166,0,0
0,true,0,0,I,0,0.002479613,0.005087018,0.00216227,2.562917,0,0
0,true,0,0,I,0,-0.003412902,0.002287507,0.0005474165,2.564443,0,0
0,true,0,0,I,0,-0.003443897,5.626678E-05,0.0003179163,2.564749,0,0
0,true,0,0,I,0,-0.003074467,-0.002704382,0.000336647,2.564749,0,0
0,true,0,0,I,0,-0.002485037,-0.004800797,-0.00123303,2.561389,0,0
0,true,0,0,I,0,-0.001722097,-0.00573647,-0.003065363,2.564749,0,0
0,true,0,0,I,0,-0.001082361,-0.00584662,-0.005158044,2.558025,0,0
0,true,0,0,I,0,-0.0003502369,-0.005155206,-0.006489392,2.559555,0,0
0,true,0,0,I,0,0.0001895428,-0.003187537,-0.007205267,2.560166,0,0
0,true,0,0,I,0,0.0003166795,-0.002091527,-0.007578827,2.568103,0,0
0,true,0,0,I,0,0.0001519918,-0.001240492,-0.006872423,2.563222,0,0
0,true,0,0,I,0,-0.000526011,-0.001266956,-0.005369283,2.560472,0,0
0,true,0,0,I,0,-0.001420677,-0.00165236,-0.004380893,2.564138,0,0
0,true,0,0,I,0,-0.002395749,-0.002220273,-0.002756141,2.566274,0,0
0,true,0,0,I,0,-0.002887726,-0.001497388,-0.002748858,2.565054,0,0
0,true,0,0,I,0,-0.002938986,-0.0001755953,-0.002681069,2.567799,0,0
0,true,0,0,I,0,-0.002861619,0.000798583,-0.002570324,2.563527,0,0
0,true,0,0,I,0,-0.002526104,-0.0001885891,-0.003866795,2.567494,0,0
0,true,0,0,I,0,-0.001925826,0.0002532005,-0.004381344,2.563527,0,0
0,true,0,0,I,0,-0.001662254,0.000176549,-0.0044773,2.565664,0,0
0,true,0,0,I,0,-0.001753092,6.353855E-05,-0.00415061,2.563833,0,0
0,true,0,0,I,0,-0.0014835,8.714199E-05,-0.004092723,2.563833,0,0
0,true,0,0,I,0,-0.001869977,-0.0004073381,-0.003438685,2.559555,0,0
0,true,0,0,I,0,-0.001955628,-0.0001797676,-0.003264505,2.564749,0,0
0,true,0,0,I,0,-0.001859486,0.0004712343,-0.003177464,2.564138,0,0
0,true,0,0,I,0,-0.001976371,0.001674533,-0.002621017,2.566579,0,0
0,true,0,0,I,0,-0.001543939,0.004137397,-0.002946053,2.564138,0,0
0,true,0,0,I,0,-0.000577271,0.005850911,-0.003001995,2.560472,0,0
0,true,0,0,I,0,-1.937151E-05,0.006717682,-0.002300415,2.560166,0,0
0,true,0,0,I,0,2.574921E-05,0.005669594,-0.001745045,2.558637,0,0
0,true,0,0,I,0,-0.000372529,0.003928661,-0.001154929,2.564749,0,0
0,true,0,0,I,0,-0.001002848,0.002660513,-0.0003958605,2.560778,0,0
0,true,0,0,I,0,-0.001543581,0.001451373,-0.0002194718,2.561695,0,0
0,true,0,0,I,0,-0.001817644,-0.0004645586,-0.001023192,2.564138,0,0
0,true,0,0,I,0,-0.001722097,-0.001790285,-0.00214415,2.565359,0,0
0,true,0,0,I,0,-0.001597464,-0.001868606,-0.002881352,2.564749,0,0
0,true,0,0,I,0,-0.001347959,-0.002878904,-0.004042525,2.562611,0,0
0,true,0,0,I,0,-0.001324892,-0.002534389,-0.00450477,2.562,0,0
0,true,0,0,I,0,-0.001797318,-0.002370715,-0.004645213,2.566579,0,0
0,true,0,0,I,0,-0.002096117,-0.001438141,-0.004200187,2.561695,0,0
0,true,0,0,I,0,-0.002961397,-0.001636386,-0.00396058,2.559555,0,0
0,true,0,0,I,0,-0.00286597,-0.001177549,-0.003524445,2.565969,0,0
0,true,0,0,I,0,-0.002912283,-0.0006079674,-0.0031952,2.570845,0,0
0,true,0,0,I,0,-0.00280416,-1.990795E-05,-0.002895303,2.568713,0,0
0,true,0,0,I,0,-0.002762675,0.0002882481,-0.00292496,2.562,0,0
0,true,0,0,I,0,-0.002331078,0.0006166697,-0.002850071,2.565054,0,0
0,true,0,0,I,0,-0.002124965,0.0005531311,-0.002601348,2.563527,0,0
0,true,0,0,I,0,-0.002598941,0.0002934933,-0.00252261,2.563833,0,0
0,true,0,0,I,0,-0.002569795,-0.0002912283,-0.002367035,2.572367,0,0
0,true,0,0,I,0,-0.002226055,-0.000151515,-0.002379354,2.561695,0,0
0,true,0,0,I,0,-0.001878917,3.397465E-05,-0.002551917,2.563222,0,0
0,true,0,0,I,0,-0.001736581,8.320808E-05,-0.002870683,2.568103,0,0
0,true,0,0,I,0,-0.001616657,3.576279E-05,-0.002942137,2.563833,0,0
0,true,0,0,I,0,-0.002277851,0.0001540184,-0.002934508,2.564443,0,0
0,true,0,0,I,0,-0.002213538,0.001019955,-0.002517544,2.562306,0,0
0,true,0,0,I,0,-0.002373755,0.0006678104,-0.001880795,2.567494,0,0
0,true,0,0,I,0,-0.002606213,0.0004196167,-0.001636058,2.563833,0,0
0,true,0,0,I,0,-0.00238055,0.0003579855,-0.001601674,2.567494,0,0
0,true,0,0,I,0,-0.002045333,-0.0002746582,-0.002245903,2.569932,0,0
0,true,0,0,I,0,-0.001847208,-0.002072453,-0.002585832,2.559555,0,0
0,true,0,0,I,0,-0.002466917,-0.003713727,-0.002768893,2.567189,0,0
0,true,0,0,I,0,-0.002559006,-0.006407142,-0.002319165,2.559249,0,0
0,true,0,0,I,0,-0.001870692,-0.008431911,-0.002941646,2.566274,0,0
0,true,0,0,I,0,-0.001569092,-0.00741303,-0.00363794,2.561695,0,0
0,true,0,0,I,0,-0.001784623,-0.00319314,-0.005355515,2.565359,0,0
0,true,0,0,I,0,-0.0011608,-0.0001176596,-0.006436583,2.569322,0,0
0,true,0,0,I,0,-0.002409875,0.0005166531,-0.005453333,2.556801,0,0
0,true,0,0,I,0,-0.002905071,0.0009843111,-0.00553669,2.565664,0,0
0,true,0,0,I,0,-0.003351152,-0.0005434752,-0.003961001,2.565054,0,0
0,true,0,0,I,0,-0.00347209,-0.00133884,-0.003423352,2.568408,0,0
0,true,0,0,I,0,-0.003490567,-0.0012604,-0.003153883,2.564138,0,0
0,true,0,0,I,0,-0.0027619,4.673004E-05,-0.003214411,2.561695,0,0
0,true,0,0,I,0,-0.002503037,0.0002459288,-0.003261041,2.564749,0,0
0,true,0,0,I,0,-0.001985788,0.0006357431,-0.003613759,2.566579,0,0
0,true,0,0,I,0,-0.001828551,0.0007770061,-0.004020073,2.569322,0,0
0,true,0,0,I,0,-0.001486719,6.92606E-05,-0.003991626,2.562306,0,0
0,true,0,0,I,0,-0.001168728,0.0004271269,-0.00441993,2.562917,0,0
0,true,0,0,I,0,-0.001161933,0.00129354,-0.005532414,2.565359,0,0
0,true,0,0,I,0,-0.0004284382,0.0006119013,-0.005697675,2.563527,0,0
0,true,0,0,I,0,-0.001084089,-0.001131654,-0.00485757,2.565359,0,0
0,true,0,0,I,0,-0.001832843,-0.001935482,-0.004424818,2.564443,0,0
0,true,0,0,I,0,-0.002399862,-0.001649141,-0.00476075,2.567799,0,0
0,true,0,0,I,0,-0.002337217,-0.001044989,-0.004760042,2.567189,0,0
0,true,0,0,I,0,-0.002268612,0.0007014275,-0.005130187,2.563833,0,0
0,true,0,0,I,0,-0.00241816,0.002706885,-0.005445965,2.568103,0,0
0,true,0,0,I,0,-0.002076805,-0.0004402399,-0.001720313,2.554044,0,0
0,true,0,0,I,0,-0.001777709,-0.001134515,-0.002168886,2.563527,0,0
0,true,0,0,I,0,-0.000950098,-0.001401424,-0.002256762,2.563222,0,0
0,true,0,0,I,0,-0.001643181,-0.0008435249,-0.003676347,2.561083,0,0
0,true,0,0,I,0,-0.0004019141,0.0008034706,-0.005151302,2.562917,0,0
0,true,0,0,I,0,-0.0008628368,0.0007556677,-0.005067058,2.564749,0,0
0,true,0,0,I,0,-0.001607656,0.0002651215,-0.004024651,2.560166,0,0
0,true,0,0,I,0,-0.002365112,-0.0002223253,-0.003097594,2.554044,0,0
0,true,0,0,I,0,-0.002325714,4.1008E-05,-0.002886098,2.564749,0,0
0,true,0,0,I,0,-0.002448976,0.0004149675,-0.002795238,2.562,0,0
0,true,0,0,I,0,-0.002787292,0.0007437468,-0.002586585,2.556801,0,0
0,true,0,0,I,0,-0.003077924,0.000574708,-0.002408735,2.558943,0,0
0,true,0,0,I,0,-0.003168762,0.0007394552,-0.002969924,2.559861,0,0
0,true,0,0,I,0,-0.003251612,0.0004105568,-0.003285699,2.563222,0,0
0,true,0,0,I,0,-0.003243506,-0.0001444817,-0.003312703,2.562,0,0
0,true,0,0,I,0,-0.002908111,0.0001183748,-0.003539082,2.555882,0,0
0,true,0,0,I,0,-0.002426684,0.0005367994,-0.00391537,2.561389,0,0
0,true,0,0,I,0,-0.002259552,0.0005141497,-0.004112177,2.561389,0,0
0,true,0,0,I,0,-0.002030194,0.0002397299,-0.004465394,2.559249,0,0
0,true,0,0,I,0,-0.00229013,-5.340576E-05,-0.004423767,2.562,0,0
0,true,0,0,I,0,-0.002746403,-0.0003076792,-0.003989197,2.568103,0,0
0,true,0,0,I,0,-0.003089011,0.0001387596,-0.004026286,2.564443,0,0
0,true,0,0,I,0,-0.002997756,-0.0003054142,-0.002547901,2.562306,0,0
0,true,0,0,I,0,-0.003048956,-0.0008975267,-0.002251923,2.562,0,0
0,true,0,0,I,0,-0.002793968,-0.0003863573,-0.002885841,2.562,0,0
0,true,0,0,I,0,-0.002376795,0.0001653433,-0.003740527,2.573888,0,0
0,true,0,0,I,0,-0.00225246,0.000498414,-0.00458698,2.564443,0,0
0,true,0,0,I,0,-0.002945006,0.0001604557,-0.004347153,2.566884,0,0
0,true,0,0,I,0,-0.003387213,-0.0001512766,-0.003739636,2.563833,0,0
0,true,0,0,I,0,-0.003121793,-0.0001019239,-0.00356061,2.561083,0,0
0,true,0,0,I,0,-0.003094733,-5.543232E-05,-0.00353808,2.561083,0,0
0,true,0,0,I,0,-0.003043473,-0.0001759529,-0.003518019,2.562306,0,0
0,true,0,0,I,0,-0.00291878,-0.0002565384,-0.003447998,2.567189,0,0
0,true,0,0,I,0,-0.002756774,-0.000487566,-0.003440939,2.562,0,0
0,true,0,0,I,0,-0.002757847,-0.0005028248,-0.003653485,2.564443,0,0
0,true,0,0,I,0,-0.002614915,-0.0006636381,-0.003252916,2.562306,0,0
0,true,0,0,I,0,-0.002511084,-0.001185298,-0.003466897,2.562611,0,0
0,true,0,0,I,0,-0.002551913,-0.001256347,-0.003684841,2.565359,0,0
0,true,0,0,I,0,-0.002155781,-0.001506209,-0.003965378,2.560472,0,0
0,true,0,0,I,0,-0.001623511,-0.0004851818,-0.004948813,2.565664,0,0
0,true,0,0,I,0,-0.001649141,-0.0007981062,-0.004838623,2.556189,0,0
0,true,0,0,I,0,-0.002155662,-0.0007646084,-0.004929744,2.558637,0,0
0,true,0,0,I,0,-0.002271295,-0.0003687143,-0.004832648,2.563222,0,0
0,true,0,0,I,0,-0.002440512,-0.0002970695,-0.004293043,2.561083,0,0
0,true,0,0,I,0,-0.002576768,-4.053116E-06,-0.003749032,2.562,0,0
0,true,0,0,I,0,-0.002689242,0.0003288984,-0.003730647,2.564138,0,0
0,true,0,0,I,0,-0.002670705,0.000585556,-0.003753141,2.560166,0,0
0,true,0,0,I,0,-0.00256151,0.0006324053,-0.003765695,2.557719,0,0
0,true,0,0,I,0,-0.002361119,0.00112915,-0.003932331,2.563833,0,0
0,true,0,0,I,0,-0.002411067,0.002360821,-0.004617084,2.553431,0,0
0,true,0,0,I,0,-0.002295315,0.003821373,-0.005189247,2.559249,0,0
0,true,0,0,I,0,-0.00211072,0.00541389,-0.004983719,2.566274,0,0
0,true,0,0,I,0,-0.002568662,0.005775571,-0.003973383,2.565664,0,0
0,true,0,0,I,0,-0.003468215,0.005430102,-0.002314601,2.555882,0,0
0,true,0,0,I,0,-0.003478587,0.005411625,-0.001666594,2.566274,0,0
0,true,0,0,I,0,-0.003354967,0.005441427,-0.0007295087,2.556189,0,0
0,true,0,0,I,0,-0.003556907,0.003683209,-0.0003558472,2.564443,0,0
0,true,0,0,I,0,-0.003894627,0.00199461,-0.000119891,2.559861,0,0
Participant,Practice,Block,Trial,Index,ErrorPosVX,ErrorPosVY,ErrorPosVZ,ErrorOr,Hit,Score
0,true,0,0,I,0,0.002670765,-0.001207113,-0.0008698553,3.707016,0,0
0,true,0,0,I,0,0.002810717,-0.002538443,-0.001604885,3.499542,0,0
0,true,0,0,I,0,0.002911329,-0.002586246,-0.001558162,3.484523,0,0
0,true,0,0,I,0,0.00401485,-0.002373695,-0.001675121,3.274672,0,0
0,true,0,0,I,0,0.004394412,-0.002851367,-0.002214149,3.23765,0,0
0,true,0,0,I,0,0.00694567,-0.003892183,-0.004239712,3.193098,0,0
0,true,0,0,I,0,0.004603922,-0.005422115,-0.002620064,3.151148,0,0
0,true,0,0,I,0,0.003347218,-0.003414035,-0.003933828,2.928936,0,0
0,true,0,0,I,0,0.003601313,-0.005526423,-0.00362232,3.178848,0,0
0,true,0,0,I,0,0.004060984,-0.005879164,-0.003530715,3.201911,0,0
0,true,0,0,I,0,0.00309211,-0.004910588,-0.003950033,3.263417,0,0
0,true,0,0,I,0,0.002370477,-0.004800797,-0.003297754,3.21679,0,0
0,true,0,0,I,0,0.003574848,-0.004419208,-0.0029664,3.10132,0,0
0,true,0,0,I,0,0.002469182,-0.003945708,-0.004344389,2.808048,0,0
0,true,0,0,I,0,0.002267599,-0.003131986,-0.004778657,2.82777,0,0
0,true,0,0,I,0,0.002032816,-0.002732992,-0.004174158,2.715654,0,0
0,true,0,0,I,0,0.002066612,-0.003528237,-0.003552373,2.740044,0,0
0,true,0,0,I,0,0.001912653,-0.003679633,-0.004195668,2.721988,0,0
0,true,0,0,I,0,0.002950788,-0.002894163,-0.003698304,2.905052,0,0
0,true,0,0,I,0,0.002541363,-0.002262115,-0.005011898,2.734612,0,0
0,true,0,0,I,0,0.00304538,-0.001123905,-0.005327262,2.944395,0,0
0,true,0,0,I,0,0.003513217,-0.00141871,-0.005855083,2.871991,0,0
0,true,0,0,I,0,0.004830837,-0.0007418394,-0.006923437,3.14717,0,0
0,true,0,0,I,0,0.005657554,-0.0005993843,-0.007699441,3.145926,0,0
0,true,0,0,I,0,0.005411983,-0.0007326603,-0.007140379,3.148911,0,0
0,true,0,0,I,0,0.005524993,-0.001461148,-0.007512752,3.101572,0,0
0,true,0,0,I,0,0.004981935,-0.001208305,-0.006670456,2.998921,0,0
0,true,0,0,I,0,0.003941119,-0.001738667,-0.006558478,3.126959,0,0
0,true,0,0,I,0,-0.0001875162,-0.005902767,-0.005037755,2.686384,0,0
0,true,0,0,I,0,0.0001016855,-0.005801439,-0.005243018,2.660619,0,0
0,true,0,0,I,0,0.001283824,-0.00274992,-0.005697519,2.699174,0,0
0,true,0,0,I,0,0.00227952,-0.004847407,-0.003812943,2.92171,0,0
0,true,0,0,I,0,0.001183152,-0.004589081,-0.002370913,3.051705,0,0
0,true,0,0,I,0,-0.00394547,-0.002369881,-0.003721394,1.903655,0,0
0,true,0,0,I,0,-0.004042745,-0.002814412,-0.003897585,1.963166,0,0
0,true,0,0,I,0,-0.003757417,-0.003472686,-0.004121132,1.928979,0,0
0,true,0,0,I,0,-0.003053725,-0.003057718,-0.004615825,2.010441,0,0
0,true,0,0,I,0,-0.003215969,-0.003538251,-0.004396543,2.040583,0,0
0,true,0,0,I,0,-0.003523231,-0.003368616,-0.003911328,2.091351,0,0
0,true,0,0,I,0,-0.003828883,-0.002575636,-0.003107946,1.96874,0,0
0,true,0,0,I,0,-0.004467547,-0.003065109,-0.002765939,1.92979,0,0
0,true,0,0,I,0,-0.004559278,-0.003154397,-0.002780333,1.94071,0,0
0,true,0,0,I,0,-0.004354596,-0.003778458,-0.002250589,1.935864,0,0
0,true,0,0,I,0,-0.004294574,-0.003547072,-0.001996137,1.882569,0,0
0,true,0,0,I,0,-0.004116654,-0.003755569,-0.002001151,1.928573,0,0
0,true,0,0,I,0,-0.004448056,-0.003727913,-0.002324581,1.91186,0,0
0,true,0,0,I,0,-0.00434947,-0.003014684,-0.002675191,1.887966,0,0
0,true,0,0,I,0,-0.004303098,-0.002672553,-0.002725765,1.893348,0,0
0,true,0,0,I,0,-0.004411995,-0.002121687,-0.003435858,1.827719,0,0
0,true,0,0,I,0,-0.004565775,-0.001862764,-0.003136761,1.738163,0,0
0,true,0,0,I,0,-0.004911184,-0.001604676,-0.003223341,1.687438,0,0
0,true,0,0,I,0,-0.005068123,-0.001418352,-0.003273781,1.722784,0,0
0,true,0,0,I,0,-0.005507827,-0.001919746,-0.002902653,1.700377,0,0
0,true,0,0,I,0,-0.005260646,-0.001990557,-0.002623577,1.691608,0,0
0,true,0,0,I,0,-0.005388081,-0.002542138,-0.00227369,1.780868,0,0
0,true,0,0,I,0,-0.005475938,-0.003005266,-0.001865812,1.720511,0,0
0,true,0,0,I,0,-0.005334973,-0.002204299,-0.001811307,1.894587,0,0
0,true,0,0,I,0,-0.005400181,-0.002096176,-0.001992375,1.976675,0,0
0,true,0,0,I,0,-0.005994081,-0.001724839,-0.00265019,1.913906,0,0
0,true,0,0,I,0,-0.005875885,-0.001145959,-0.002161667,1.85619,0,0
0,true,0,0,I,0,-0.005867481,-0.00172019,-0.001534283,1.901186,0,0
0,true,0,0,I,0,-0.006044507,-0.00140965,-0.001685917,1.849431,0,0
0,true,0,0,I,0,-0.005828738,-0.001492023,-0.002229121,1.94876,0,0
0,true,0,0,I,0,-0.006158292,-0.002796292,-0.00161102,1.965557,0,0
0,true,0,0,I,0,-0.006772876,-0.002948165,-0.002134558,1.982211,0,0
0,true,0,0,I,0,-0.006896079,-0.003247976,-0.001673218,2.010831,0,0
0,true,0,0,I,0,-0.00676465,-0.003293395,-0.001405064,1.971521,0,0
0,true,0,0,I,0,-0.007540822,-0.003046155,-0.001433436,1.931817,0,0
0,true,0,0,I,0,-0.007530391,-0.003249645,-0.001423031,1.977071,0,0
0,true,0,0,I,0,-0.007979274,-0.004388213,-0.001333769,1.854503,0,0
0,true,0,0,I,0,-0.007539511,-0.004076362,-0.0009543598,1.965955,0,0
0,true,0,0,I,0,-0.007673919,-0.003020167,-0.001876719,1.933842,0,0
0,true,0,0,I,0,-0.00417316,-0.004078984,-0.0002479143,2.425783,0,0
0,true,0,0,I,0,-0.004286706,-0.003358126,-0.0003623664,2.448586,0,0
0,true,0,0,I,0,-0.004309118,-0.00439322,-0.0003508739,2.405043,0,0
0,true,0,0,I,0,-0.004517972,-0.004696488,-0.0008509383,2.416083,0,0
0,true,0,0,I,0,-0.004673064,-0.005065322,-0.0004113019,2.383138,0,0
0,true,0,0,I,0,-0.004840672,-0.004883409,-0.0005897954,2.355386,0,0
0,true,0,0,I,0,-0.004617751,-0.00546217,-0.0001443252,2.427396,0,0
0,true,0,0,I,0,-0.004605889,-0.005482912,-0.0003562495,2.411219,0,0
0,true,0,0,I,0,-0.004592955,-0.005176425,-0.0004105046,2.329321,0,0
0,true,0,0,I,0,-0.004428029,-0.00454843,-0.0003428273,2.417379,0,0
0,true,0,0,I,0,-0.004602373,-0.004594326,3.471226E-05,2.373594,0,0
0,true,0,0,I,0,-0.004892409,-0.003682494,-0.0001838878,2.453376,0,0
0,true,0,0,I,0,-0.005056322,-0.003184795,-0.0004875436,2.16093,0,0
0,true,0,0,I,0,-0.005433559,-0.002251148,-0.0007265881,2.264921,0,0
Participant,Practice,Block,Trial,Index,ErrorPosVX,ErrorPosVY,ErrorPosVZ,ErrorOr,Hit,Score
0,true,0,0,I,0,-0.0004320741,0.00110507,-0.001126789,1.175016,0,0
0,true,0,0,I,0,-6.300211E-05,0.0007175207,-0.0007015802,1.160269,0,0
0,true,0,0,I,0,0.0002406836,0.001828194,-0.000869073,1.173016,0,0
0,true,0,0,I,0,0.0002065897,0.001810193,-0.0008185096,1.252402,0,0
0,true,0,0,I,0,-0.0004232526,0.001147628,-0.0002687275,1.349854,0,0
0,true,0,0,I,0,-0.0004829764,0.0009255409,-0.0001975,1.373991,0,0
0,true,0,0,I,0,-0.0008205175,0.001094937,-0.0002421215,1.363699,0,0
0,true,0,0,I,0,-0.0008980632,0.0009239912,-0.0001890101,1.402743,0,0
0,true,0,0,I,0,-0.0009515285,0.001016259,-0.0001288988,1.393786,0,0
0,true,0,0,I,0,-0.0006426573,0.0007989407,-0.0002227314,1.357371,0,0
0,true,0,0,I,0,-0.0005811453,0.0009306669,-3.483146E-05,1.349274,0,0
0,true,0,0,I,0,-0.0008758307,0.001106977,0.0003721192,1.269164,0,0
0,true,0,0,I,0,-0.000874877,0.0003988743,-0.0004720315,1.250526,0,0
0,true,0,0,I,0,0.003707528,0.001991153,-0.002706762,1.252402,0,0
0,true,0,0,I,0,0.0008231997,0.001923561,-0.002407912,1.049773,0,0
0,true,0,0,I,0,0.0004829168,0.003057837,-0.002784483,1.286315,0,0
Participant,Practice,Block,Trial,Index,ErrorPosVX,ErrorPosVY,ErrorPosVZ,ErrorOr,Hit,Score
Participant,Practice,Block,Trial,Index,ErrorPosVX,ErrorPosVY,ErrorPosVZ,ErrorOr,Hit,Score
Participant,Practice,Block,Trial,Index,ErrorPosVX,ErrorPosVY,ErrorPosVZ,ErrorOr,Hit,Score
Participant,Practice,Block,Trial,Index,ErrorPosVX,ErrorPosVY,ErrorPosVZ,ErrorOr,Hit,Score
Participant,Practice,Block,Trial,Index,ErrorPosVX,ErrorPosVY,ErrorPosVZ,ErrorOr,Hit,Score
Participant,Practice,Block,Trial,Index,ErrorPosVX,ErrorPosVY,ErrorPosVZ,ErrorOr,Hit,Score
Participant,Practice,Block,Trial,Index,ErrorPosVX,ErrorPosVY,ErrorPosVZ,ErrorOr,Hit,Score
Participant,Practice,Block,Trial,Index,ErrorPosVX,ErrorPosVY,ErrorPosVZ,ErrorOr,Hit,Score
Participant,Practice,Block,Trial,Index,ErrorPosVX,ErrorPosVY,ErrorPosVZ,ErrorOr,Hit,Score
Participant,Practice,Block,Trial,Index,ErrorPosVX,ErrorPosVY,ErrorPosVZ,ErrorOr,Hit,Score
Participant,Practice,Block,Trial,Index,ErrorPosVX,ErrorPosVY,ErrorPosVZ,ErrorOr,Hit,Score
Participant,Practice,Block,Trial,Index,ErrorPosVX,ErrorPosVY,ErrorPosVZ,ErrorOr,Hit,Score
Participant,Practice,Block,Trial,Index,ErrorPosVX,ErrorPosVY,ErrorPosVZ,ErrorOr,Hit,Score
Participant,Practice,Block,Trial,Index,ErrorPosVX,ErrorPosVY,ErrorPosVZ,ErrorOr,Hit,Score
Participant,Practice,Block,Trial,Index,ErrorPosVX,ErrorPosVY,ErrorPosVZ,ErrorOr,Hit,Score
Participant,Practice,Block,Trial,Index,ErrorPosVX,ErrorPosVY,ErrorPosVZ,ErrorOr,Hit,Score
Participant,Practice,Block,Trial,Index,ErrorPosVX,ErrorPosVY,ErrorPosVZ,ErrorOr,Hit,Score
Participant,Practice,Block,Trial,Index,ErrorPosVX,ErrorPosVY,ErrorPosVZ,ErrorOr,Hit,Score
Participant,Practice,Block,Trial,Index,ErrorPosVX,ErrorPosVY,ErrorPosVZ,ErrorOr,Hit,Score
Participant,Practice,Block,Trial,Index,ErrorPosVX,ErrorPosVY,ErrorPosVZ,ErrorOr,Hit,Score
Participant,Practice,Block,Trial,Index,ErrorPosVX,ErrorPosVY,ErrorPosVZ,ErrorOr,Hit,Score
Participant,Practice,Block,Trial,Index,ErrorPosVX,ErrorPosVY,ErrorPosVZ,ErrorOr,Hit,Score
Participant,Practice,Block,Trial,Index,ErrorPosVX,ErrorPosVY,ErrorPosVZ,ErrorOr,Hit,Score
Participant,Practice,Block,Trial,Index,ErrorPosVX,ErrorPosVY,ErrorPosVZ,ErrorOr,Hit,Score
Participant,Practice,Block,Trial,Index,ErrorPosVX,ErrorPosVY,ErrorPosVZ,ErrorOr,Hit,Score
0,true,0,0,I,0,-0.0005542785,-0.003760695,0.0002503991,3.402688,0,0
0,true,0,0,I,1,0.001707435,0.000646472,0.001040816,2.617314,0,240.0381
0,true,0,0,I,2,0.005733967,-0.001190066,0.003438056,2.95501,0,480.0591
0,true,0,0,I,3,0.002304554,-0.006631851,-0.0003898442,2.428041,0,720.127
Participant,Practice,Block,Trial,Index,ErrorPosVX,ErrorPosVY,ErrorPosVZ,ErrorOr,Hit,Score
0,true,0,0,I,0,0.004197896,-0.00130415,-0.002753019,1.820854,0,0
0,true,0,0,I,1,-0.001530647,-0.002304614,0.001608312,0.8531692,0,260.0519
Participant,Practice,Block,Trial,Index,ErrorPosVX,ErrorPosVY,ErrorPosVZ,ErrorOr,Hit,Score
0,true,0,0,I,0,0.00394693,0.0005038977,0.001396298,2.607426,0,0
0,true,0,0,I,1,0.003063917,-0.002504647,0.005810022,1.816551,0,180.0422
0,true,0,0,I,2,0.001544625,-0.00282824,-0.002059698,3.801885,0,360.1125
0,true,0,0,I,3,0.003541708,-0.002993822,-0.005098641,3.913095,0,540.1508
Participant,Practice,Block,Trial,Index,ErrorPosVX,ErrorPosVY,ErrorPosVZ,ErrorOr,Hit,Score
0,true,0,0,I,0,-0.001440138,-0.0006926656,0.003793716,2.888569,0,0
0,true,0,0,I,1,0.002012432,0.005845785,-0.002736628,1.139165,0,230.0412
0,true,0,0,I,2,0.002154663,0.002365947,-0.000289619,2.965323,0,460.1088
0,true,0,0,I,3,-0.006404698,-0.006969571,0.002099782,4.296437,0,690.1409
Participant,Practice,Block,Trial,Index,ErrorPosVX,ErrorPosVY,ErrorPosVZ,ErrorOr,Hit,Score
0,true,0,0,I,0,0.001644194,-0.0002561808,-0.001241565,3.904483,0,0
0,true,0,0,I,1,0.005706251,0.003799617,0.003377557,2.901817,0,290.0208
0,true,0,0,I,2,0.0009179264,0.004004359,0.002327085,0.9747727,0,580.0972
0,true,0,0,I,3,0.002031505,-0.006649971,-0.003153294,0.9211037,0,870.1444
Participant,Practice,Block,Trial,Index,ErrorPosVX,ErrorPosVY,ErrorPosVZ,ErrorOr,Hit,Score
0,true,0,0,I,0,0.004058421,-0.004496992,-5.209446E-05,4.233477,0,0
0,true,0,0,I,1,0.004130125,0.003842235,0.003515959,1.99951,0,220.0606
0,true,0,0,I,2,-0.005312651,-0.006226897,0.005266249,1.913088,0,440.127
0,true,0,0,I,3,0.001288652,-0.002924681,0.009180486,4.086695,0,660.2244
Participant,Practice,Block,Trial,Index,ErrorPosVX,ErrorPosVY,ErrorPosVZ,ErrorOr,Hit,Score
0,true,0,0,I,0,0.008629113,-0.003112257,0.001813233,3.550617,0,0
0,true,0,0,I,1,0.0001166463,0.003802478,0.005428195,4.490138,0,170.0935
0,true,0,0,I,2,0.002391323,0.002150774,0.002356946,4.466713,0,340.1598
0,true,0,0,I,3,0.006329894,-0.006903768,-0.002394885,3.437478,0,510.1997
Participant,Practice,Block,Trial,Index,ErrorPosVX,ErrorPosVY,ErrorPosVZ,ErrorOr,Hit,Score
Participant,Practice,Block,Trial,Index,ErrorPosVX,ErrorPosVY,ErrorPosVZ,ErrorOr,Hit,Score
0,true,0,0,I,342,0,0.008981898,0.002733111,-0.001691759,2.591466,0,180.0954
0,true,0,0,I,342,1,0.001262605,0.0007656813,0.007352889,4.339587,0,360.1704
0,true,0,0,I,342,2,0.002421945,0.008218646,-0.002911031,2.365335,0,540.2609
0,true,0,0,I,342,3,0.007334173,-0.003926516,0.003979415,4.944069,0,720.3531
Participant,Practice,Block,Trial,Index,ErrorPosVX,ErrorPosVY,ErrorPosVZ,ErrorOr,Hit,Score
0,true,0,0,I,661,0,-0.007829577,-0.002801955,-0.003028989,4.433287,0,190.0885
0,true,0,0,I,661,1,-0.003262103,0.001351178,0.005891383,4.347517,0,380.1572
0,true,0,0,I,661,2,-0.0007240474,0.007089138,-0.0006241798,2.425138,0,570.2288
0,true,0,0,I,661,3,0.0006690025,-0.0004584789,-0.005457044,4.648285,0,760.2839
Participant,Practice,Block,Trial,Index,ErrorPosVX,ErrorPosVY,ErrorPosVZ,ErrorOr,Hit,Score
0,true,0,0,I,168,0,0.006928653,0.004240096,-0.003616452,3.466956,0,230.0889
Participant,Practice,Block,Trial,Index,ErrorPosVX,ErrorPosVY,ErrorPosVZ,ErrorOr,Hit,Score
Participant,Practice,Block,Trial,Index,ErrorPosVX,ErrorPosVY,ErrorPosVZ,ErrorOr,Hit,Score
0,true,0,0,I,346,0,0.005696744,-0.002188504,0.00285995,4.705035,0,210.0674
0,true,0,0,I,346,1,0.003146052,0.00249362,0.006181061,4.741006,0,420.1411
0,true,0,0,I,346,2,-0.003091067,0.008213043,0.0002834201,3.819757,0,630.2289
0,true,0,0,I,346,3,0.004255354,-0.001922846,-0.005246431,4.716171,0,840.2992
Participant,Practice,Block,Trial,Index,ErrorPosVX,ErrorPosVY,ErrorPosVZ,ErrorOr,Hit,Score
Participant,Practice,Block,Trial,Index,ErrorPosVX,ErrorPosVY,ErrorPosVZ,ErrorOr,Hit,Score
Participant,Practice,Block,Trial,Index,ErrorPosVX,ErrorPosVY,ErrorPosVZ,ErrorOr,Hit,Score
Participant,Practice,Block,Trial,Index,ErrorPosVX,ErrorPosVY,ErrorPosVZ,ErrorOr,Hit,Score
Participant,Practice,Block,Trial,Index,ErrorPosVX,ErrorPosVY,ErrorPosVZ,ErrorOr,Hit,Score
Participant,Practice,Block,Trial,Index,ErrorPosVX,ErrorPosVY,ErrorPosVZ,ErrorOr,Hit,Score
0,true,0,0,I,131,0,-0.001926035,0.005955517,-0.001309752,2.319893,0,510.0639
Participant,Practice,Block,Trial,Index,ErrorPosVX,ErrorPosVY,ErrorPosVZ,ErrorOr,Hit,Score
Participant,Practice,Block,Trial,Index,ErrorPosVX,ErrorPosVY,ErrorPosVZ,ErrorOr,Hit,Score
0,true,0,0,I,544,0,-0.003087938,0.008104503,-0.003632605,1.624576,0,160.094
Participant,Practice,Block,Trial,Index,ErrorPosVX,ErrorPosVY,ErrorPosVZ,ErrorOr,Hit,Score
Participant,Practice,Block,Trial,Index,ErrorPosVX,ErrorPosVY,ErrorPosVZ,ErrorOr,Hit,Score
Participant,Practice,Block,Trial,Index,ErrorPosVX,ErrorPosVY,ErrorPosVZ,ErrorOr,Hit,Score
Participant,Practice,Block,Trial,Index,ErrorPosVX,ErrorPosVY,ErrorPosVZ,ErrorOr,Hit,Score
Participant,Practice,Block,Trial,Index,ErrorPosVX,ErrorPosVY,ErrorPosVZ,ErrorOr,Hit,Score
Participant,Practice,Block,Trial,Index,ErrorPosVX,ErrorPosVY,ErrorPosVZ,ErrorOr,Hit,Score
Participant,Practice,Block,Trial,Index,ErrorPosVX,ErrorPosVY,ErrorPosVZ,ErrorOr,Hit,Score
Participant,Practice,Block,Trial,Index,ErrorPosVX,ErrorPosVY,ErrorPosVZ,ErrorOr,Hit,Score
Participant,Practice,Block,Trial,Index,ErrorPosVX,ErrorPosVY,ErrorPosVZ,ErrorOr,Hit,Score
Participant,Practice,Block,Trial,Index,ErrorPosVX,ErrorPosVY,ErrorPosVZ,ErrorOr,Hit,Score
Participant,Practice,Block,Trial,Index,ErrorPosVX,ErrorPosVY,ErrorPosVZ,ErrorOr,Hit,Score
Participant,Practice,Block,Trial,Index,ErrorPosVX,ErrorPosVY,ErrorPosVZ,ErrorOr,Hit,Score
Participant,Practice,Block,Trial,Index,ErrorPosVX,ErrorPosVY,ErrorPosVZ,ErrorOr,Hit,Score
Participant,Practice,Block,Trial,Index,ErrorPosVX,ErrorPosVY,ErrorPosVZ,ErrorOr,Hit,Score
Participant,Practice,Block,Trial,Index,ErrorPosVX,ErrorPosVY,ErrorPosVZ,ErrorOr,Hit,Score
Participant,Practice,Block,Trial,Index,ErrorPosVX,ErrorPosVY,ErrorPosVZ,ErrorOr,Hit,Score
Participant,Practice,Block,Trial,Index,ErrorPosVX,ErrorPosVY,ErrorPosVZ,ErrorOr,Hit,Score
Participant,Practice,Block,Trial,Index,ErrorPosVX,ErrorPosVY,ErrorPosVZ,ErrorOr,Hit,Score
Participant,Practice,Block,Trial,Index,ErrorPosVX,ErrorPosVY,ErrorPosVZ,ErrorOr,Hit,Score
Participant,Practice,Block,Trial,Index,ErrorPosVX,ErrorPosVY,ErrorPosVZ,ErrorOr,Hit,Score
Participant,Practice,Block,Trial,Index,ErrorPosVX,ErrorPosVY,ErrorPosVZ,ErrorOr,Hit,Score
Participant,Practice,Block,Trial,Index,ErrorPosVX,ErrorPosVY,ErrorPosVZ,ErrorOr,Hit,Score
Participant,Practice,Block,Trial,Index,ErrorPosVX,ErrorPosVY,ErrorPosVZ,ErrorOr,Hit,Score
Participant,Practice,Block,Trial,Index,ErrorPosVX,ErrorPosVY,ErrorPosVZ,ErrorOr,Hit,Score
Participant,Practice,Block,Trial,Index,ErrorPosVX,ErrorPosVY,ErrorPosVZ,ErrorOr,Hit,Score
Participant,Practice,Block,Trial,Index,ErrorPosVX,ErrorPosVY,ErrorPosVZ,ErrorOr,Hit,Score
Participant,Practice,Block,Trial,Index,ErrorPosVX,ErrorPosVY,ErrorPosVZ,ErrorOr,Hit,Score
Participant,Practice,Block,Trial,Index,ErrorPosVX,ErrorPosVY,ErrorPosVZ,ErrorOr,Hit,Score
Participant,Practice,Block,Trial,Index,ErrorPosVX,ErrorPosVY,ErrorPosVZ,ErrorOr,Hit,Score
Participant,Practice,Block,Trial,Index,ErrorPosVX,ErrorPosVY,ErrorPosVZ,ErrorOr,Hit,Score
Participant,Practice,Block,Trial,Index,ErrorPosVX,ErrorPosVY,ErrorPosVZ,ErrorOr,Hit,Score
Participant,Practice,Block,Trial,Index,ErrorPosVX,ErrorPosVY,ErrorPosVZ,ErrorOr,Hit,Score
Participant,Practice,Block,Trial,Index,ErrorPosVX,ErrorPosVY,ErrorPosVZ,ErrorOr,Hit,Score
Participant,Practice,Block,Trial,Index,ErrorPosVX,ErrorPosVY,ErrorPosVZ,ErrorOr,Hit,Score
Participant,Practice,Block,Trial,Index,ErrorPosVX,ErrorPosVY,ErrorPosVZ,ErrorOr,Hit,Score
Participant,Practice,Block,Trial,Index,ErrorPosVX,ErrorPosVY,ErrorPosVZ,ErrorOr,Hit,Score
Participant,Practice,Block,Trial,Index,ErrorPosVX,ErrorPosVY,ErrorPosVZ,ErrorOr,Hit,Score
Participant,Practice,Block,Trial,Index,ErrorPosVX,ErrorPosVY,ErrorPosVZ,ErrorOr,Hit,Score
Participant,Practice,Block,Trial,Index,ErrorPosVX,ErrorPosVY,ErrorPosVZ,ErrorOr,Hit,Score
Participant,Practice,Block,Trial,Index,ErrorPosVX,ErrorPosVY,ErrorPosVZ,ErrorOr,Hit,Score
Participant,Practice,Block,Trial,Index,ErrorPosVX,ErrorPosVY,ErrorPosVZ,ErrorOr,Hit,Score
Participant,Practice,Block,Trial,Index,ErrorPosVX,ErrorPosVY,ErrorPosVZ,ErrorOr,Hit,Score
Participant,Practice,Block,Trial,Index,ErrorPosVX,ErrorPosVY,ErrorPosVZ,ErrorOr,Hit,Score
Participant,Practice,Block,Trial,Index,ErrorPosVX,ErrorPosVY,ErrorPosVZ,ErrorOr,Hit,Score
Participant,Practice,Block,Trial,Index,ErrorPosVX,ErrorPosVY,ErrorPosVZ,ErrorOr,Hit,Score
Participant,Practice,Block,Trial,Index,ErrorPosVX,ErrorPosVY,ErrorPosVZ,ErrorOr,Hit,Score
Participant,Practice,Block,Trial,Index,ErrorPosVX,ErrorPosVY,ErrorPosVZ,ErrorOr,Hit,Score
Participant,Practice,Block,Trial,Index,ErrorPosVX,ErrorPosVY,ErrorPosVZ,ErrorOr,Hit,Score
Participant,Practice,Block,Trial,Index,ErrorPosVX,ErrorPosVY,ErrorPosVZ,ErrorOr,Hit,Score
Participant,Practice,Block,Trial,Index,ErrorPosVX,ErrorPosVY,ErrorPosVZ,ErrorOr,Hit,Score
Participant,Practice,Block,Trial,Index,ErrorPosVX,ErrorPosVY,ErrorPosVZ,ErrorOr,Hit,Score
Participant,Practice,Block,Trial,Index,ErrorPosVX,ErrorPosVY,ErrorPosVZ,ErrorOr,Hit,Score
Participant,Practice,Block,Trial,Index,ErrorPosVX,ErrorPosVY,ErrorPosVZ,ErrorOr,Hit,Score
Participant,Practice,Block,Trial,Index,ErrorPosVX,ErrorPosVY,ErrorPosVZ,ErrorOr,Hit,Score
Participant;Practice;Block;Trial;Index;ErrorPosVX;ErrorPosVY;ErrorPosVZ;ErrorOr;Hit;Score
Participant;Practice;Block;Trial;Index;ErrorPosVX;ErrorPosVY;ErrorPosVZ;ErrorOr;Hit;Score
Participant;Practice;Block;Trial;Index;ErrorPosVX;ErrorPosVY;ErrorPosVZ;ErrorOr;Hit;Score
Participant;Practice;Block;Trial;Index;ErrorPosVX;ErrorPosVY;ErrorPosVZ;ErrorOr;Hit;Score
Participant;Practice;Block;Trial;Index;ErrorPosVX;ErrorPosVY;ErrorPosVZ;ErrorOr;Hit;Score
Participant;Practice;Block;Trial;Index;ErrorPosVX;ErrorPosVY;ErrorPosVZ;ErrorOr;Hit;Score
Participant;Practice;Block;Trial;Index;ErrorPosVX;ErrorPosVY;ErrorPosVZ;ErrorOr;Hit;Score
Participant;Practice;Block;Trial;Index;ErrorPosVX;ErrorPosVY;ErrorPosVZ;ErrorOr;Hit;Score
Participant;Practice;Block;Trial;Index;ErrorPosVX;ErrorPosVY;ErrorPosVZ;ErrorOr;Hit;Score
Participant;Practice;Block;Trial;Index;ErrorPosVX;ErrorPosVY;ErrorPosVZ;ErrorOr;Hit;Score
Participant;Practice;Block;Trial;Index;ErrorPosVX;ErrorPosVY;ErrorPosVZ;ErrorOr;Hit;Score
Participant;Practice;Block;Trial;Index;ErrorPosVX;ErrorPosVY;ErrorPosVZ;ErrorOr;Hit;Score
Participant;Practice;Block;Trial;Index;ErrorPosVX;ErrorPosVY;ErrorPosVZ;ErrorOr;Hit;Score
Participant;Practice;Block;Trial;Index;ErrorPosVX;ErrorPosVY;ErrorPosVZ;ErrorOr;Hit;Score
Participant;Practice;Block;Trial;Index;ErrorPosVX;ErrorPosVY;ErrorPosVZ;ErrorOr;Hit;Score
Participant;Practice;Block;Trial;Index;ErrorPosVX;ErrorPosVY;ErrorPosVZ;ErrorOr;Hit;Score
Participant;Practice;Block;Trial;Index;ErrorPosVX;ErrorPosVY;ErrorPosVZ;ErrorOr;Hit;Score
Participant;Practice;Block;Trial;Index;ErrorPosVX;ErrorPosVY;ErrorPosVZ;ErrorOr;Hit;Score
Participant;Practice;Block;Trial;Index;ErrorPosVX;ErrorPosVY;ErrorPosVZ;ErrorOr;Hit;Score
Participant;Practice;Block;Trial;Index;ErrorPosVX;ErrorPosVY;ErrorPosVZ;ErrorOr;Hit;Score
Participant;Practice;Block;Trial;Index;ErrorPosVX;ErrorPosVY;ErrorPosVZ;ErrorOr;Hit;Score
Participant;Practice;Block;Trial;Index;ErrorPosVX;ErrorPosVY;ErrorPosVZ;ErrorOr;Hit;Score
Participant;Practice;Block;Trial;Index;ErrorPosVX;ErrorPosVY;ErrorPosVZ;ErrorOr;Hit;Score
Participant;Practice;Block;Trial;Index;ErrorPosVX;ErrorPosVY;ErrorPosVZ;ErrorOr;Hit;Score
Participant;Practice;Block;Trial;Index;ErrorPosVX;ErrorPosVY;ErrorPosVZ;ErrorOr;Hit;Score
Participant;Practice;Block;Trial;Index;ErrorPosVX;ErrorPosVY;ErrorPosVZ;ErrorOr;Hit;Score
Participant;Practice;Block;Trial;Index;ErrorPosVX;ErrorPosVY;ErrorPosVZ;ErrorOr;Hit;Score
Participant;Practice;Block;Trial;Index;ErrorPosVX;ErrorPosVY;ErrorPosVZ;ErrorOr;Hit;Score
Participant;Practice;Block;Trial;Index;ErrorPosVX;ErrorPosVY;ErrorPosVZ;ErrorOr;Hit;Score
Participant;Practice;Block;Trial;Index;ErrorPosVX;ErrorPosVY;ErrorPosVZ;ErrorOr;Hit;Score
Participant;Practice;Block;Trial;Index;ErrorPosVX;ErrorPosVY;ErrorPosVZ;ErrorOr;Hit;Score
Participant;Practice;Block;Trial;Index;ErrorPosVX;ErrorPosVY;ErrorPosVZ;ErrorOr;Hit;Score
Participant;Practice;Block;Trial;Index;ErrorPosVX;ErrorPosVY;ErrorPosVZ;ErrorOr;Hit;Score
Participant;Practice;Block;Trial;Index;ErrorPosVX;ErrorPosVY;ErrorPosVZ;ErrorOr;Hit;Score
Participant;Practice;Block;Trial;Index;ErrorPosVX;ErrorPosVY;ErrorPosVZ;ErrorOr;Hit;Score
Participant;Practice;Block;Trial;Index;ErrorPosVX;ErrorPosVY;ErrorPosVZ;ErrorOr;Hit;Score
Participant;Practice;Block;Trial;Index;ErrorPosVX;ErrorPosVY;ErrorPosVZ;ErrorOr;Hit;Score
0;true;0;0;I;189;0;0,001830138;0,001883268;0,001249403;3,226023;0;;220,0291
0;true;0;0;I;189;1;0,001880169;-0,009598494;-0,001946926;4,864408;0;;440,1288
0;true;0;0;I;214;0;0,0007998943;0,001468658;0,001667321;2,768182;0;;460,0236
0;true;0;0;I;214;1;-0,0003920197;-0,0004144311;-0,0001209378;3,71798;0;;920,0295
0;false;1;0;null;215;0;0,000118129;0,001837611;0,002996236;2,996571;0;;860,0352
0;false;1;0;null;215;1;0,002327263;-0,0006771684;0,001185179;2,535589;0;;1720,062
Participant;Practice;Block;Trial;Index;ErrorPosVX;ErrorPosVY;ErrorPosVZ;ErrorOr;Hit;Score
Participant;Practice;Block;Trial;Index;ErrorPosVX;ErrorPosVY;ErrorPosVZ;ErrorOr;Hit;Score
Participant;Practice;Block;Trial;Index;ErrorPosVX;ErrorPosVY;ErrorPosVZ;ErrorOr;Hit;Score
Participant;Practice;Block;Trial;Index;ErrorPosVX;ErrorPosVY;ErrorPosVZ;ErrorOr;Hit;Score
Participant;Practice;Block;Trial;Index;ErrorPosVX;ErrorPosVY;ErrorPosVZ;ErrorOr;Hit;Score
Participant;Practice;Block;Trial;Index;ErrorPosVX;ErrorPosVY;ErrorPosVZ;ErrorOr;Hit;Score
Participant;Practice;Block;Trial;Index;ErrorPosVX;ErrorPosVY;ErrorPosVZ;ErrorOr;Hit;Score
Participant;Practice;Block;Trial;Index;ErrorPosVX;ErrorPosVY;ErrorPosVZ;ErrorOr;Hit;Score
Participant;Practice;Block;Trial;Index;ErrorPosVX;ErrorPosVY;ErrorPosVZ;ErrorOr;Hit;Score
Participant;Practice;Block;Trial;Index;ErrorPosVX;ErrorPosVY;ErrorPosVZ;ErrorOr;Hit;Score
Participant;Practice;Block;Trial;Index;ErrorPosVX;ErrorPosVY;ErrorPosVZ;ErrorOr;Hit;Score
Participant;Practice;Block;Trial;Index;ErrorPosVX;ErrorPosVY;ErrorPosVZ;ErrorOr;Hit;Score
Participant;Practice;Block;Trial;Index;ErrorPosVX;ErrorPosVY;ErrorPosVZ;ErrorOr;Hit;Score
Participant;Practice;Block;Trial;Index;ErrorPosVX;ErrorPosVY;ErrorPosVZ;ErrorOr;Hit;Score
Participant;Practice;Block;Trial;Index;ErrorPosVX;ErrorPosVY;ErrorPosVZ;ErrorOr;Hit;Score
Participant;Practice;Block;Trial;Index;ErrorPosVX;ErrorPosVY;ErrorPosVZ;ErrorOr;Hit;Score
Participant;Practice;Block;Trial;Index;ErrorPosVX;ErrorPosVY;ErrorPosVZ;ErrorOr;Hit;Score
Participant;Practice;Block;Trial;Index;ErrorPosVX;ErrorPosVY;ErrorPosVZ;ErrorOr;Hit;Score
Participant;Practice;Block;Trial;Index;ErrorPosVX;ErrorPosVY;ErrorPosVZ;ErrorOr;Hit;Score
0;true;0;0;I;1;0;-0,00645858;-0,0008653402;0,001101017;2,16744;0;;230,0661
0;true;0;0;I;1;1;-0,0001616031;6,020069E-06;-0,004613042;3,048625;0;;460,1123
Participant;Practice;Block;Trial;Index;ErrorPosVX;ErrorPosVY;ErrorPosVZ;ErrorOr;Hit;Score
Participant;Practice;Block;Trial;Index;ErrorPosVX;ErrorPosVY;ErrorPosVZ;ErrorOr;Hit;Score
Participant;Practice;Block;Trial;Index;ErrorPosVX;ErrorPosVY;ErrorPosVZ;ErrorOr;Hit;Score
Participant;Practice;Block;Trial;Index;ErrorPosVX;ErrorPosVY;ErrorPosVZ;ErrorOr;Hit;Score
Participant;Practice;Block;Trial;Index;ErrorPosVX;ErrorPosVY;ErrorPosVZ;ErrorOr;Hit;Score
Participant;Practice;Block;Trial;Index;ErrorPosVX;ErrorPosVY;ErrorPosVZ;ErrorOr;Hit;Score
Participant;Practice;Block;Trial;Index;ErrorPosVX;ErrorPosVY;ErrorPosVZ;ErrorOr;Hit;Score
Participant;Practice;Block;Trial;Index;ErrorPosVX;ErrorPosVY;ErrorPosVZ;ErrorOr;Hit;Score
Participant;Practice;Block;Trial;Index;ErrorPosVX;ErrorPosVY;ErrorPosVZ;ErrorOr;Hit;Score
Participant;Practice;Block;Trial;Index;ErrorPosVX;ErrorPosVY;ErrorPosVZ;ErrorOr;Hit;Score
Participant;Practice;Block;Trial;Index;ErrorPosVX;ErrorPosVY;ErrorPosVZ;ErrorOr;Hit;Score
Participant;Practice;Block;Trial;Index;ErrorPosVX;ErrorPosVY;ErrorPosVZ;ErrorOr;Hit;Score
Participant;Practice;Block;Trial;Index;ErrorPosVX;ErrorPosVY;ErrorPosVZ;ErrorOr;Hit;Score
Participant;Practice;Block;Trial;Index;ErrorPosVX;ErrorPosVY;ErrorPosVZ;ErrorOr;Hit;Score
0;true;0;0;I;952;0;-0,003959596;0,001911998;-0,00270772;4,495017;0;;240,0516
Participant;Practice;Block;Trial;Index;ErrorPosVX;ErrorPosVY;ErrorPosVZ;ErrorOr;Hit;Score
Participant;Practice;Block;Trial;Index;ErrorPosVX;ErrorPosVY;ErrorPosVZ;ErrorOr;Hit;Score
Participant;Practice;Block;Trial;Index;ErrorPosVX;ErrorPosVY;ErrorPosVZ;ErrorOr;Hit;Score
Participant;Practice;Block;Trial;Index;ErrorPosVX;ErrorPosVY;ErrorPosVZ;ErrorOr;Hit;Score
Participant;Practice;Block;Trial;Index;ErrorPosVX;ErrorPosVY;ErrorPosVZ;ErrorOr;Hit;Score
Participant;Practice;Block;Trial;Index;ErrorPosVX;ErrorPosVY;ErrorPosVZ;ErrorOr;Hit;Score
Participant;Practice;Block;Trial;Index;ErrorPosVX;ErrorPosVY;ErrorPosVZ;ErrorOr;Hit;Score
Participant;Practice;Block;Trial;Index;ErrorPosVX;ErrorPosVY;ErrorPosVZ;ErrorOr;Hit;Score
Participant;Practice;Block;Trial;Index;ErrorPosVX;ErrorPosVY;ErrorPosVZ;ErrorOr;Hit;Score
Participant;Practice;Block;Trial;Index;ErrorPosVX;ErrorPosVY;ErrorPosVZ;ErrorOr;Hit;Score
Participant;Practice;Block;Trial;Index;ErrorPosVX;ErrorPosVY;ErrorPosVZ;ErrorOr;Hit;Score
Participant;Practice;Block;Trial;Index;ErrorPosVX;ErrorPosVY;ErrorPosVZ;ErrorOr;Hit;Score
Participant;Practice;Block;Trial;Index;ErrorPosVX;ErrorPosVY;ErrorPosVZ;ErrorOr;Hit;Score
Participant;Practice;Block;Trial;Index;ErrorPosVX;ErrorPosVY;ErrorPosVZ;ErrorOr;Hit;Score
Participant;Practice;Block;Trial;Index;ErrorPosVX;ErrorPosVY;ErrorPosVZ;ErrorOr;Hit;Score
Participant;Practice;Block;Trial;Index;ErrorPosVX;ErrorPosVY;ErrorPosVZ;ErrorOr;Hit;Score
Participant;Practice;Block;Trial;Index;ErrorPosVX;ErrorPosVY;ErrorPosVZ;ErrorOr;Hit;Score
Participant;Practice;Block;Trial;Index;ErrorPosVX;ErrorPosVY;ErrorPosVZ;ErrorOr;Hit;Score
Participant;Practice;Block;Trial;Index;ErrorPosVX;ErrorPosVY;ErrorPosVZ;ErrorOr;Hit;Score
Participant;Practice;Block;Trial;Index;ErrorPosVX;ErrorPosVY;ErrorPosVZ;ErrorOr;Hit;Score
Participant;Practice;Block;Trial;Index;ErrorPosVX;ErrorPosVY;ErrorPosVZ;ErrorOr;Hit;Score
Participant;Practice;Block;Trial;Index;ErrorPosVX;ErrorPosVY;ErrorPosVZ;ErrorOr;Hit;Score
Participant;Practice;Block;Trial;Index;ErrorPosVX;ErrorPosVY;ErrorPosVZ;ErrorOr;Hit;Score
Participant;Practice;Block;Trial;Index;ErrorPosVX;ErrorPosVY;ErrorPosVZ;ErrorOr;Hit;Score
Participant;Practice;Block;Trial;Index;ErrorPosVX;ErrorPosVY;ErrorPosVZ;ErrorOr;Hit;Score
Participant;Practice;Block;Trial;Index;ErrorPosVX;ErrorPosVY;ErrorPosVZ;ErrorOr;Hit;Score
0;true;0;0;I;212;0;0,001602173;0,008563221;0,000577569;3,053243;0;;1160,087
0;true;0;0;I;212;1;-0,002959913;0,001811862;-0,007929087;4,362258;0;;2320,174
0;true;0;0;I;861;0;0,002478361;0,007852852;0,0003041029;4,82449;0;;1630,082
0;true;0;0;I;861;1;0,006234264;0,002228141;-0,004812181;4,284577;0;;3260,164
